primernombre;segundonombre;sexo;
AARON;ALEXANDER;H;
ABAD;SMITH;H;
ABEL;ANTONIO;H;
ABELARDO;;H;
ABIGAIL;ANDREA;M;
ABIHT;VALERIA;M;
ABILDA;ISABEL;M;
ABIMAEL;;H;
ABIMELET;NULL;H;
ABNER;ALBERTO;H;
ABRAHAM;ANTONIO;H;
ACENETH;MILENA;M;
ACHAEL;;H;
ADA;LUZ;M;
ADALBERTO;;H;
ADALBERTO ;JOSE;H;
ADALGISA;CLARED;M;
ADAN;JOSE;H;
ADAS;ALLENDE;H;
ADASA;;H;
ADEL;ANGEL;H;
ADELA;MERCEDES;M;
ADELFA;MARIA;M;
ADELFINA;DE LA PAZ;M;
ADELIN;YANARETH;M;
ADELINA;MARIA;M;
ADELMO;;H;
ADELSO;ELIAS;H;
ADEMIR;NORVEY;H;
ADENAYS;;M;
ADID;ALIRIO;H;
ADIELA;;M;
ADILENE;;M;
ADIS;MARIANA;M;
ADITH;DE JESUS;H;
ADOLFO;;H;
ADONIRAM;;H;
ADORACION;MARIANA;M;
ADRIAN;;H;
ADRIANA;PATRICIA;M;
ADRIANO;ENRIQUE;H;
AGUSTIN;;H;
AHILYN;MELISSA;H;
AHUMADA;PINERES;H;
AHYRTON;JOSE;H;
AIDA;BEATRIZ;M;
AIDE;;M;
AIDEE;DEL CARMEN;M;
AIILIN;DANIELA;H;
AILDARIS;ALICIA;M;
AILEN;SHARELY;M;
AILIN;DANIELA;H;
AKANE;ALEJANDRA;M;
ALAIN;ALBERTO;H;
ALAN JORGE;ALEXANDRY YEMMANUEL;H;
ALBA;CECILIA;M;
ALBA DE JESUS;;M;
ALBARIS;NADITH;M;
ALBARO;;H;
ALBEIRO;;H;
ALBENIS;;M;
ALBERT;MOISES;H;
ALBERTO;;H;
ALBERTO ;MARIO;H;
ALCI;ALCIRA;M;
ALCIBIADES;;H;
ALCIDES;;H;
ALCIRA;INES;M;
ALDAHIR;ANDRES;H;
ALDAIR;ENRIQUE;H;
ALDEMAR;ARTURO;H;
ALDEMIRO;RAFAEL;H;
ALDRIN;RAMON;H;
ALEIDA;;M;
ALEIDYS;ISAURA;M;
ALEJANDRA;NULL;M;
ALEJANDRO;RAFAEL;H;
ALENIS;;H;
ALESSANDRO;JOSE;H;
ALEX;ALFONSO;H;
ALEX ;JAVIER;H;
ALEXA;RUBIELA;M;
ALEXANDER;NULL;H;
ALEXANDRA;;M;
ALEXER;LEONID;H;
ALEXIS;ARMANDO;H;
ALEXON;STIWAR;H;
ALEYDA;TERESA;M;
ALEYDER;XAVIER;H;
ALFONSA;;M;
ALFONSO;RAFAEL;H;
ALFONSO ;DE JESUS;H;
ALFREDO;;H;
ALFRODICIO;JOSE;H;
ALFRY;ALBERTO;H;
ALI;JOSE JR;H;
ALICIA;SENITH;M;
ALIDA;MARIA;M;
ALIEL;LENIN;H;
ALIRIO;;H;
ALISON;DAYANNA;M;
ALISSON;TATIANA;M;
ALIX;;M;
ALLAN;POE;H;
ALLYNERTHON;;H;
ALMA;LORENA;M;
ALONSO;;H;
ALVARO;FERNANDO;H;
ALVARO ;MIGUEL;H;
ALVEIRO;;H;
ALVEIRO ;ANTONIO;H;
ALVY;LISSETTH;M;
AMALIA;ROSARIO;M;
AMANCIO;;H;
AMANDA;;M;
AMAURI;JOSE;H;
AMAURY;GABRIEL;H;
AMAURY ;ANTONIO;H;
AMELIA;;M;
AMILCAR;;M;
AMIRA;ROSA;M;
AMPARO;;M;
ANA;MILENA;M;
ANA KARIME;DE JESUS;M;
ANA MARIA;ELENA;M;
ANABEL;MERCEDES;M;
ANAEL;JESUS;H;
ANAMARIA;CELESTE;M;
ANAMILENA;;M;
ANAYELITZA;CECILIA;M;
ANDELFO;;H;
ANDERSON;YERFAY;H;
ANDERSSON;;H;
ANDHERSON;DIONETH;H;
ANDREA;PAOLA;M;
ANDREA ;PAOLA;M;
ANDREI;DAVID;H;
ANDREINA;;M;
ANDRES;LEONARDO;H;
ANDRES ;MAURICIO;H;
ANDREW;STEVENS;H;
ANDREY;MAURICIO;H;
ANDRI;YISET;M;
ANDRIS;ALFONSO;H;
ANDRY;JULISA;M;
ANDRYS;JULIETH;H;
ANDY;JAVIER;H;
ANELIS;MARVELLIS;M;
ANER;ESTEBAN;H;
ANGE;PAOLA;M;
ANGEE;MANUELA;M;
ANGEL;MARIA;M;
ANGEL ;ANDRES;H;
ANGELA;PATRICIA;M;
ANGELA ;MARCELA;M;
ANGELICA;MARIA;M;
ANGELIE;MARIA;M;
ANGELINA;ESTHER;M;
ANGELLO;DAMIAN;H;
ANGELLY;MALENA;H;
ANGELO;SANTANDER;H;
ANGELY;YULIET;M;
ANGGELY;MAR;M;
ANGGIE;MARCELA;M;
ANGGY;MARCELA;M;
ANGHEL;DHARMAN;H;
ANGIE;MARIA;M;
ANGIE ;CAROLINA;M;
ANGILO;HADWER;H;
ANGY;LORENA;M;
ANGY ;VALENTINA;M;
ANGYE;XILENA;M;
ANIBAL;SMITH;H;
ANLLY;VANESSA;M;
ANNER;DEMESIO;H;
ANNERIS;;M;
ANNGY;KATHERINE;M;
ANNIS;AIDETH;M;
ANNY;CAROLINA;M;
ANSELMO;DIONICIO;H;
ANTHONY;JESUS;H;
ANTONIO;LUIS;H;
ANTONIO ;LUIS;H;
ANTONY;MANUEL;H;
ANTONY ;JOSE;H;
ANUAR;JAIR;H;
ANY;JOHANA;M;
ANYEL;ARVEY;H;
ANYELA;YULIETH;M;
ANYELO;FABRICIO;H;
ANYELY;DAYANS;M;
ANYI;TATIANA;M;
ANYIS ;PAOLA;M;
APOLINAR;;H;
AQUILINO;;H;
ARACELIS;YASMITH;M;
ARBEY;;H;
ARELIS;MARIA;M;
ARELYS;DEL CARMEN;H;
ARENNE;SNEIGH;H;
ARGEL;;H;
ARGELIDA;RAQUEL;M;
ARGELIO;MIGUEL;H;
ARGEMIRO;;H;
ARGENE;;H;
ARGENIDA;;M;
ARGENIS;;H;
ARIANIS;;M;
ARIDES;MANUEL;H;
ARIEL;ANTONIO;H;
ARIIETA;SERRANO;H;
ARIOSTO;;H;
ARISLEIDA;;M;
ARISMENDY;;H;
ARISYOEL;;M;
ARIX;XILENA;M;
ARLEIDA;;M;
ARLEN;FABIAN;H;
ARLENIS;LUCIA;H;
ARLET;YADIRA;M;
ARLEX;ENRIQUE;H;
ARLEY;;H;
ARLEY ;ALBERTO;H;
ARLINTON;RAMIT;H;
ARMANDO;ENRIQUE;H;
ARMEVIS;ALFONSO;H;
ARNALDO;RAFAEL;H;
ARNOBIS;DE JESUS;H;
ARNODY;ENRIQUE;H;
ARNOL;ENRIQUE;H;
ARNOLD;RONALD;H;
ARNULFO;DAVID;H;
AROLDO;NULL;H;
ARONY;STEVENS;H;
ARTURO;;H;
ARVEY;;H;
ASDRUBAL;MANUEL;H;
ASLY;DAYANN;M;
ASTOLFO;RAFAEL;H;
ASTRID;NELLY;M;
AUDITH;MARIA;M;
AUDREY;VERONICA;M;
AUDRY;BERTH;M;
AUGUSTO;RAFAEL;H;
AURA;MARIA;M;
AURAMARIA;;M;
AURORA;;M;
AUXILIADORA;DEL CARMEN;M;
AYDA;ESTHELA;M;
AYDEE;;M;
AZALIA;ESMITH;M;
AZUCENA ;;M;
BAIRON;EDISON;H;
BARBARA;ALEJANDRA;M;
BARBUDO;MARTINEZ;H;
BARRANQUILLA;;H;
BAYRON;MAURICIO;H;
BEATRIZ;ELENA;M;
BEISY;XIOMARA;M;
BELDY;ZULEMA;M;
BELINDA;MARGARITA;M;
BELISARIO;;H;
BELKIS;PAOLA;M;
BELLA;NURY;M;
BELLALEIDIS;;M;
BELSY;;M;
BENIGNO;RAFAEL;H;
BENITO;INOCENCIO;H;
BENJAMIN;ENRIQUE;H;
BENNIS;DE JESUS;M;
BERCELI;;M;
BERCELIA;;M;
BERENICE;;M;
BERLI;;M;
BERNA;ISABEL;M;
BERNARDA;;M;
BERNARDO;JOSE;H;
BERNET;ANTONIO;H;
BERSI;LILIANA;M;
BERTA;CECILIA;M;
BERTHA ;LUCIA;H;
BERTULIO;RAFAEL;H;
BESTMAN;HAUDITH;H;
BETSAIDA;DEL CARMEN;M;
BETSI;JUDITH;M;
BETTSY;PAOLA;M;
BETTY;;M;
BETXY;LILIANA;M;
BETY;MARINA;M;
BETZABET;;M;
BIALIS;;M;
BIBIANA;DE JESUS;M;
BIELKA;STEFANY;M;
BILLY;ANDREY;H;
BISBET;ALBERTO;H;
BLADIMIR;NULL;H;
BLADIMIRO;NULL;H;
BLAIDEMIR;ALFONSO;H;
BLANCA;YOLANDA;M;
BLANCA ;LUZ;M;
BLAS;JAVIER;H;
BLEIDIS;;H;
BLEIDY;LUZ;M;
BLEIDYS;PAOLA;M;
BLEINNER;JOSE;H;
BLEINYS;PATRICIA;M;
BLEYDIS;ADRIANA;M;
BLEYDY;JULIETH;M;
BLUDISNER;;H;
BRADLEY;;H;
BRAHAYAN;JOSE;H;
BRAHIAM;ESTEBAN;H;
BRAIAN;YESID;H;
BRAINER;NICOLAS;H;
BRANDO;;H;
BRANDON;YESID;H;
BRANDOND;JAVIER;H;
BRANLIN;JOSE;H;
BRAYAM;CAMILO;H;
BRAYAN;MATEO;H;
BRAYANN;ALEXIS;H;
BREINER;ENRIQUE;H;
BRENDA;KATHERINE;M;
BREYNER;;H;
BRIAN;ENRIQUE;H;
BRIEN;STEEVEN;H;
BRIGETTE;;M;
BRIGGITE;CAROLINA;M;
BRIGITH;LORENA;M;
BRIGITT;DAIANNA;M;
BRIYISOLEIDY;;M;
BRIYITH;PAOLA;M;
BROINER;HANDERSON;H;
BRYAM;STIWARD;H;
BRYAN;;H;
BRYHAM;ALEXANDER;H;
BRYNERTH;JASAY;H;
CALIXTO;JOSE;H;
CAMILA;;M;
CAMILO;JOSE;H;
CAMPO;ELIAS;H;
CANDELARIA;CATALINA;M;
CANDIDA;DEYCI;M;
CANDY;PAOLA;M;
CARELVIS;ESTHER;M;
CARLA;EFIGENIA;M;
CARLOS;ANDRES;H;
CARLOS ;ANDRES;H;
CARMELO;JOSE;H;
CARMEN;MARIA;M;
CARMENZA;NULL;M;
CAROL;ANDREA;M;
CAROLAY;;M;
CAROLIN;;M;
CAROLINA;;M;
CAROLL;DAYANA;M;
CASILDA;ISABEL;M;
CASTORINA;ISABEL;M;
CATALINA;;M;
CATALINO;JAVIER;H;
CATERINE;;M;
CATY;YANETH;H;
CECILIA;MARGARITA;H;
CEFORA;;M;
CELENA;MARIA;M;
CELINA;ANTONIA;M;
CELMERY;;M;
CELSO;ENRIQUE;H;
CENEIDA;;M;
CENIA;LUCIA;M;
CESAR;AUGUSTO;H;
CESAR ;EMIRO;H;
CESIA;;M;
CHADIA;LINN;M;
CHAPARRO;PAREJO;H;
CHARLES;DUMAS;H;
CHARLIS;;H;
CHARLOT;DAYANA;M;
CHARLY;JOSE;H;
CHAROL;GRACIELA;M;
CHARRY;FERNANDO;H;
CHIRISTIAN;ALEXIS;H;
CHIRLEY;PAOLA;M;
CHRISTIAN;ODAIR;H;
CHRISTIE;ANDREA;M;
CIARA;;M;
CIDILFREDO;;H;
CIELO;ANDREA;M;
CILDER;NULL;H;
CILENA;TATIANA;M;
CILIA;MARIA;H;
CINDY;NULL;M;
CINDY ;JOHANNA;M;
CINTYA;MARLEY;M;
CIPRIANO;;H;
CIRO;ALFONSO;H;
CIVELIS;JANETH;M;
CLARA;INES;M;
CLAREDT;LORENA;M;
CLAREN;PATRICIA;H;
CLAUDIA;PATRICIA;M;
CLAUDIA ;ESTHER;M;
CLAUDINA;;M;
CLAUDIO;;H;
CLAUDIOA;CAROLINA;M;
CLEIDER;ANDRES;H;
CONNIE;NATALIA;M;
CONNY;DE JESUS;M;
CONSUELO;;M;
CORIDES;JUNIOR;H;
CRHISTIAN;ALEXANDER;H;
CRIS;DANIELA;M;
CRISTHIAM;JOSUE;H;
CRISTHIAM ;DAVID;H;
CRISTHIAN;ANDRES;H;
CRISTHIAN ;HERNANDO;H;
CRISTIAN;ANGEL;H;
CRISTIAN ;FERNEY;H;
CRISTIHAN;FABIAN;H;
CRISTIN;ANDREA;M;
CRISTINA;ISABEL;M;
CRISTO;DE JESUS;H;
CRISTOBAL;;H;
CRUZ;ALBERTO;H;
CYNDY;DEL CARMEN;M;
DACCY;AMPARO;M;
DAGNNA;MARCELA;M;
DAGOBERTO;;H;
DAHIANA;YARITHZA;M;
DAICI;;M;
DAILYNN;CAMILA;M;
DAINER;;H;
DAINNY;YEILIN;M;
DAIRA;ALEJANDRA;M;
DAIRO;;H;
DAIRON;ALFONSO;H;
DAIRTON;ORLANDO;H;
DAISY;ANA;M;
DAIVER;HERNAN;H;
DAKNE;PAOLA;M;
DALADIER;;H;
DALBERTH;DE JESUS;H;
DALGI;JOHANA;M;
DALIA;ROCIO;M;
DALIANA;MARIA;M;
DALIS;MARIA;M;
DALLY;YULIETH;M;
DALY;JULIANA;M;
DAMAR;ARLEY;H;
DAMARIS;CENAIDA;M;
DAMASO;HERMENEGILDO;H;
DAMIAN;ENRIQUE;H;
DAMIAN ;DE JESUS;H;
DAMIAN  ;CRISTIAN;H;
DANA;CAMILA;M;
DANELIS;MAIRE;M;
DANELLY;LISSET;M;
DANESSA;ISABEL;H;
DANEYRIS;;H;
DANI;ALEXANDER;H;IGUAAAAAAL
DANI;PAOLA;M;IGUAAAAAAAAL
DANIEL;NULL;H;
DANIELA;;M;
DANILO;RAFAEL;H;
DANIS;JAIR;H;
DANIUSKA;;M;
DANNA;MICHELL;M;
DANNELLYS;PATRICIA;M;
DANNY;LEANDRO;H;IGUAAAAAAL
DANNY;LORENA;M;IGUAAAAAAAAL
DANNY ;PAOLA;M;
DANNYS;ESTHER;M;
DANY;JESUS;H;IGUAAAAAAL
DANY;LUZ;M;IGUAAAAAAAAL
DANYELIS;MAYBEL;M;
DARIANNI;;M;
DARIANNY;MILETH;M;
DARIELSY;;H;
DARIO;JOSE DOMINGO;H;
DARLENE;NORELLA;M;
DARLIDES;DEL SOCORRO;M;
DARLIN;PAOLA;M;
DARLIS;DEL CARMEN;M;
DARLY;CATALINA;M;
DARLYN;JUDITH;M;
DARLYSSON;FABIAN;H;
DARWIN;ANTONIO;H;
DARWINSON;WUILDRE;H;
DARYL;KARINA;M;
DARYSNEY;;M;
DAVED;JOSE;H;
DAVIAN;;H;
DAVID;;H;
DAVID ;ALEXANDER;H;
DAVINSON;DAVID;H;
DAYAN;ANDRES;H;IGUAAAAAAL
DAYAN;VIVIANA;M;IGUAAAAAAAAL
DAYANA;;M;
DAYANARED;;M;
DAYANE;STEFANI;M;
DAYANIS;CAROLINA;M;
DAYANNA;;M;
DAYEINI;ESTHER;M;
DAYIRIS;PAOLA;M;
DAYLING;KARINA;M;
DAYNER;FARID;H;
DAYNI;YURIETH;H;
DAYRA;;M;
DAYRO;LEONARDO;H;
DAYRON;JADIR;H;
DAYS;ELENA;M;
DAYSE;JURANY;M;
DAYSI;;M;
DAYSY;VIVIANA;M;
DAYVER;ZAID;H;
DE JESUS;;H;
DEBORA;;M;
DEBRAY;ENRIQUE;H;
DEIBER;ANTONIO;H;
DEIBIS;;H;
DEIBIS ;;H;
DEIBY;;H;
DEICCY;JOHANNA;M;
DEICI;DEL CARMEN;M;
DEICY;ANDREINA;M;
DEIDIS;;M;
DEILYTH;MILADY;H;
DEIMER;JOSE;H;
DEIMER ;ALBERTO;H;
DEINER;ALONSO;H;
DEINIS;CAROLINA;M;
DEISON;DAMIAN;H;
DEISSY;YURANI;M;
DEISY;JOHANA;M;
DEIVER;ANDRES;H;
DEIVI;YOJAN;H;
DEIVID;ESTIT;H;
DEIVIDT;ALBERTO;H;
DEIVIS;ALVERTO;H;
DEIVISON;;H;
DEIVY;TATIANA;M;IGUAAAAAAL
DEIVY;JHOAN;H;IGUAAAAAAAAL
DEIVYS;BRAYAN;H;
DELADIER;;H;
DELCY;MILENA;M;
DELGADO;;H;
DELIA;LORENA;M;
DELIS;DEL SOCORRO;M;
DELLY;MARCELA;M;
DELSON;ISAD;H;
DELSYS;MARIELA;M;
DELYS;LORENA;H;
DEMESIO;;H;
DENIS;BEATRIZ;M;
DENISSON;;H;
DENNIS;SNEIDER;H;
DENNYLSON;STIWAR;H;
DENYS;PATRICIA;M;IGUAAAAAAL
DENYS;FABIAN;H;IGUAAAAAAAAL
DERLI;JOHANNA;M;
DERLY;YOHANA;M;
DERNELLYS;;M;
DESIREE;;H;
DEVANIS;JOSE;H;
DEWI;JOHANNA;M;
DEWIS;ALBERTO;H;
DEXIREE;CAROLINA;M;
DEYANA;;M;
DEYANIRA;ESTHER;M;
DEYBER;;H;
DEYBI;;H;
DEYBIS;WILSON;H;
DEYMER;JOSE;H;
DEYSI;YOHANA;M;
DEYSON;RODRIGO;H;
DEYVER;GUSTAVO;H;
DEYVI;;H;
DIANA;PAOLA;M;
DIANA ;MILENA;M;
DIANIS;PAOLA;M;
DIANNY;MARCELA;M;
DIANY;MARBEL;M;
DIBIA;MARINA;M;
DIBIS;JOSE;H;
DICK;;H;
DICKLEYR;EDGARDO;H;
DICKSON;FAGUER;H;
DICXON;PASTOR;H;
DIDIER;DAVID;H;
DIEGO;FERNANDO;H;
DIEGO ;;H;
DIEGO ALBEIRO;DE JESUS;H;
DIELA;ESPERANZA;M;
DIGNERY;;M;
DIGSY;LIZETH;H;
DIK;WALTER;H;
DILAN;ANDRES;H;
DILIA;ESTHER;M;
DILIS;BERNARDA;M;
DILSON;;H;
DILTON;ALFREDO;H;
DINA;JUDITH;M;
DINO;MARIO;H;
DINORA;CECILIA;M;
DIOFANOR;;H;
DIOGENES;JUNIOR;H;
DIOMAR;ALFONSO;H;
DIOMEDES;DE JESUS;H;
DIONE;ZUNEY;M;
DIONEL;;H;
DIONISIO;;H;
DIONYS;ALFREDO;M;
DIORIS;JOSE;H;
DIOSIMAR;ENRIQUE;H;
DIOSIMILA;;M;
DIOSMAR;MANUEL;H;
DIOSTENE;;H;
DISNEL;ANTONIO;H;
DIVAT;FARUTH;H;
DIVIAN;STEVEN;H;
DIVINA;LILIA;M;
DIVIS;;M;
DIXON;;H;
DOLLY;DEL SOCORRO;M;
DOLORES;MARIA;M;
DOMINGO;EDUARDO;H;
DOMINIQUE;ISABELLA;M;
DONAL;JOSE;H;
DONALD;;H;
DONALDITH;FABIAN;H;
DONALDO;;H;
DONEYS;ENRIQUE;H;
DONNY;DEL CRISTO;H;
DONOVAN;ALONSO;H;
DONYFFAN;STEEVENS;H;
DORA;JANETH;M;
DORA ;ESTHER;M;
DORALBA;DEL CARMEN;M;
DORAYMA;;M;
DOREIDIS;YOANA;M;
DORELLY;;H;
DOREMI;ANDREA;M;
DORIAN;ANDRES;H;
DORIS;ESTHER;M;
DORLIS;ANTONIO;H;
DORYS;ADRIANA;M;
DORYS ;;M;
DOUGLAS;ALEXANDER;H;
DREIDIS;JUDITH;M;
DUBAN;JOSE;H;
DUBER;ALEJANDRO;H;
DUBERNEY;;H;
DUBIAN;HERNANDO;H;
DUBIS;VANESA;M;
DUBYS;ELENA;M;
DUIN;FRANCOIS;H;
DULYAMA;PATRICIA;M;
DUMAR;ALEXIS;H;
DUNIA;ISMERAY;M;
DURIS;MARIA;M;
DURLEY;;M;
DUVAN;DE JESUS;H;
DUVAND;FELIPE;H;
DUVIER;HERNEY;H;
DYLAN;JESUS;H;
DYNA;MARIA;M;
EBERTO;SAMIR;H;
EDDY;JOHANNA;M;
EDDYER;JOSE;H;
EDEL;BLADIMIR;H;
EDELBERTO;DAVID;H;
EDELMIRA;ROSA;M;
EDELVER;DE JESUS;H;
EDEN;ASDRUBAL;H;
EDER;CLAUDIO;H;
EDGAR;EDUARDO;H;
EDGARDO;;H;
EDHIDSON ;NORBERTO;H;
EDICSON;LEONARDO;H;
EDIER;ANCIZAR;H;
EDIL;ALBERTO;H;
EDILBERT;JOSE;H;
EDILBERTO;;H;
EDILBERTO ;MANUEL;H;
EDILFE;JOSE;H;
EDILMA;PATRICIA;M;
EDILSON;;H;
EDILTON;;H;
EDINSON;JAVIER;H;
EDINSON ;ENRIQUE;H;
EDIS;PAOLA;M;
EDISABEL;;M;
EDISON;ALFONSO;H;
EDISSON;JOEL;H;
EDITA;;M;
EDITH;JOHANA;M;IGUAAAAAAL
EDITH;JAVIER;H;IGUAAAAAAAAL
EDIXON;YECID;H;
EDNA;ZULEY;M;
EDOUARD;GEOVANNI;H;
EDRIAN;ALBERTO;H;
EDSON;JAVIER;H;
EDUAN;GREGORIO;H;
EDUAR;YESSY;H;
EDUARD;DAMIAN;H;
EDUARDO;RAFAEL;H;
EDUIN;;H;
EDUIS;MAURICIO;H;
EDUWIN;;H;
EDVER;YESID;H;
EDWAR;YESID;H;
EDWARD;CRISTOBAL;H;
EDWIN;NULL;H;
EDWIND;LEONARDO;H;
EDWINSON;;H;
EDWUAR;ALBERTO;H;
EDY;DEL CARMEN;M;IGUAAAAAAL
EDY;;H;IGUAAAAAAAAL
EDYS;DE JESUS;H;
EESTRELLA;ROCIO;M;
EFRAIN;NULL;H;
EFREN;;H;
EGLIS;IBETH;M;
EIBA;LISLLY;M;
EIBER;;H;
EIDELL;;H;
EIDER;ANDRES;H;
EIDY;YULIANA;M;
EILIN;CAROLINA;M;
EILLYN;;M;
EIMAR;STEVEN;H;
EIMON;DIDIER;H;
EIMY;PAOLA;M;
EINAN;DE JESUS;H;
EINAR;ALFONSO;H;
EINER;JESUS;H;
EISEN;JAUHAR;H;
EKHARN;WILLIAM;H;
ELADIO;ZENON;H;
ELAINE;;M;
ELAIZER;DAVID;H;
ELBER;DUVAN;H;
ELBERTH;DAVID;H;
ELCIRA;LUZ;M;
ELCY;LEONOR;M;
ELDA;;M;
ELDAYR;;H;
ELDER;JOSE;H;
ELDY;VANESA;M;
ELEAZAR;DAVID;H;
ELENA;PATRICIA;M;
ELI;CRISTINA;M;
ELIA;MARIA;M;
ELIAN;DAVID;H;
ELIANA;MARIA;M;
ELIANY;LIBETH;M;
ELIAS;;H;
ELIASIB;;H;
ELIASID;ARNULFO;H;
ELIBARDO;ALCIDES;H;
ELIBERTO;;H;
ELICEO;;H;
ELIDA;MADELINE;M;
ELIECER;;H;
ELIESER;;H;
ELIGIO;MIGUEL;H;
ELIKA;SHIRLEY;H;
ELIMELEC;;H;
ELIMY;VIDED;M;
ELIODORA;JOSEFA;M;
ELIS;PAOLA;M;
ELISBETH;;M;
ELISEO;;H;
ELITH;JOHANA;M;
ELIZABETH;;M;
ELKER;DARIO;H;
ELKIN;ANTONIO;H;
ELKIS;ELENA;M;
ELLUZ;AIDALED;M;
ELLYS;ANDREINA;M;
ELMER;ONEL;H;
ELMIS;SEGUNDO;H;
ELOISA;MARIA;M;
ELOY;ANDRES;H;
ELPIDIA;;M;
ELQUIN;RAFAEL;H;
ELSA;MIREYA;M;
ELSY;VIVIANA;M;
ELVER;;H;
ELVERTH;STEFF;H;
ELVI;SORAIDA;M;
ELVIN;JAVIER;H;
ELVIRA;ELENA;M;
ELVIRA ;DEL SOCORRO;H;
ELVIS;DANIEL;H;
ELY;ANA;M;
ELYS;DAVIANA;M;
EMANUEL;NULL;H;
EMEL;RAMIRO;H;
EMELSON;;H;
EMER;ALFREDO;H;
EMERCY;;M;
EMERILDO;DE JESUS;H;
EMERITA;ISABEL;M;
EMERSON;;H;
EMILCE;;M;
EMILCEN;;M;
EMILE;HUMBERTO;H;
EMILIANO;;H;
EMILIO;JOSE;H;
EMILSA;DEL S;M;
EMILSE;DEL SOCORRO;M;
EMILSON;JOSE;H;
EMILTON;JOSE;H;
EMILY;IBELICE;M;
EMIR;OSWALDO;H;IGUAAAAAAL
EMIR;JOHANA;M;IGUAAAAAAAAL
EMIRIS;;M;
EMIRO;HUMBERTO;H;
EMMA;YUSET;M;
EMMANUEL;;H;
ENA;RAQUEL;M;
ENA ;DE JESUS;M;
ENALBA;ROSA;M;
ENALDO;JOSE;H;
ENEIDA;;M;
ENEIDER;MANUEL;H;
ENER;FABIAN;H;
ENIDTH;JANETH;M;
ENIER;ENRIQUE;H;
ENIS;LUCIA;M;
ENISETH;JOHANIS;H;
ENITH;MARIA;M;
ENNI;MANUELA;M;
ENRIQUE;JOSE;H;
ENRRY;ANTONIO;H;
ENRY;MANUEL;H;
EPARQUIO;ENRIQUE;H;
ERIANNIS;DAYANA;M;
ERIC;JHAIR;H;
ERICA;;M;
ERICK;DE JESUS;H;
ERICSON;;H;
ERIEN;DE JESUS;H;
ERIK;GUILLERMO;H;
ERIKA;LILIANA;M;
ERIKATTHERINE;;M;
ERIS;ELIAS;H;
ERLENE;EUYANIT;M;
ERLIN;ELIECER;H;
ERNESTO;;H;
ERVIN;FAURICIO;H;
ERWIN;ALEXANDER;H;
ESAU;MANUEL;H;
ESAUD;;H;
ESLEY;JAKDANY;H;
ESMAR;JAVIER;H;
ESMELIN;DEL CARMEN;M;
ESMEN;JUNIOR;H;
ESMERALDA;GERTRUDIS;M;
ESNEIDER;JOSE;H;
ESNEYDER;DAVID;H;
ESPERANZA;;M;
ESTARLIN;JHON;H;
ESTEBAN;MIGUEL;H;
ESTEFAN;MICHEL;M;
ESTEFANI;ESTHER;M;
ESTEFANIA;PAOLA;M;
ESTEFANY;;M;
ESTELA;MARY;M;
ESTELLA;DEL SOCORRO;M;
ESTER;JULIA;M;
ESTHEFANNY;KATHERINNE;M;
ESTHER;ERCILIA;M;
ESTIVEN;ALBERTO;H;
ETHEL;BEATRIZ;M;
ETILBIA;BEATRIZ;M;
ETILSO;ALFONSO;H;
ETY;CAROLINA;M;
EUCARIS;;M;
EUCLIDES;ENRIQUE;H;
EUDALDO;RAFAEL;H;
EUDITH;ESTHER;M;
EUFEMIA;ISABEL;M;
EUGENIA;;M;
EUGENIO;ELIAS;H;
EUGENIS;MARIA;M;
EULER;ALBEIRO;H;
EULISES;ENRIQUE;H;
EUNICE;NULL;M;
EURY;YESIRH;H;
EUSEBIO;JOSE;H;
EUSTACIA;MARIA;M;
EUSTORGIO;;H;
EVA;ROCIO;M;
EVA ;SANDRY;M;
EVANGELINA;DEL SOCORRO;M;
EVELIA;;M;
EVELIN;CRISTINA;M;
EVELIO;ANTONIO;H;
EVELIS;DEL CARMEN;M;
EVELYN;JIMENA;M;
EVER;ENRIQUE;H;
EVERARDO;ANDRES;H;
EVERT;RICARDO;H;
EVIDALIO;;H;
EVIS;SUGEY;H;
EYBAR;OBED;H;
EYLEEN;LISBETH;M;
EYVIN ;EDUARDO;H;
EZEQUIEL;ANTONIO;H;
FABER;DUVAN;H;
FABIAN;ALBEIRO;H;
FABIAN ;ANDRES;H;
FABIANA;;M;
FABIO;;H;
FABIOLA;;M;
FABRICIO;ALBERTO;H;
FABY ;ALBERTO;H;
FADIER;KEINER;H;
FAID;RUTH;M;
FAIRUTH;ADRIANA;M;
FANNY;STELLA;M;
FANOR;ENRIQUE;H;
FANORY;;M;
FANY;;M;
FARID;;H;
FARIDES;MARIA;M;
FARIDIS;EVADITH;M;
FARITH;ALFONSO;H;
FARLEIDYS;MARCELA;M;
FARLEY;JOHANA;M;
FATIMA;ANDREA;M;
FAUSTINO;;H;
FAUSTO;LEONARDO;H;
FAVIAN;ALBERTO;H;
FAVIANA;MELIZA;M;
FAVIO;;H;
FAYDER;ESNEIDER;H;
FAYDORI;;M;
FAYSURY;;M;
FEDERICO;JOSE;H;
FEDERMAN;;H;
FEIBER;DANILO;H;
FELICIA;SILVESTRE;M;
FELIPE;EVARISTO;H;
FELIX;JOSE;H;
FELIX ;EMIRO;H;
FELVIA;ANTONIA;H;
FERDDY;ALEXANDER;H;
FERLEY;;H;
FERMIN;RICARDO;H;
FERNAN;ALBERTO;H;
FERNANDO;JOSE;H;
FERNANDO ;;H;
FERNEI;;H;
FERNEL;ANTONIO;H;
FERNEY;;H;
FEY;FERNANDA;M;
FIDEL;;H;
FIDENCIA;SOFIA;M;
FLAVIO;;H;
FLOR;ALBA;M;
FLORESMIRO;;H;
FLORISNETH;;M;
FORTUNATO;;H;
FRAN;ELIECER;H;
FRANCESCA;;M;
FRANCIA;INES;M;
FRANCIS;GRISELI;M;
FRANCISCO;;H;
FRANCK;ISAEL;H;
FRANCO;JESUS;H;
FRANCY;EDITH;M;
FRANK;ROLANDO;H;
FRANKIN;ANTONIO;H;
FRANKLIN;RAFAEL;H;
FRANKLYN;ANTONIO;H;
FRANYER;ORLANDO;H;
FRANZ;JULIAN;H;
FRAY;DAVID;H;
FREDDY;ANTONIO;H;
FREDDYS;ANTONIO;H;
FREDERICK;;H;
FREDI;MANUEL;H;
FREDIS;;H;
FREDY;ANTONIO;H;
FREDYS;;H;
FREHIMAN;STIVEN;H;
FREILA;ANDREA;M;
FREIMAR;ESNEIDER;H;
FREINER;MAURICIO;H;
FREY;ANTONIO;H;
FREYLER;ENRIQUE;H;
GABRIEL;JUNIOR;H;
GABRIEL ;ENRIQUE;H;
GABRIELA;ENID;M;
GABRIELINE;CONSTANZA;M;
GARIS;EDUARDO;H;
GARY;ROBERTO;H;
GASSIN;;H;
GASTON;;H;
GEAN;CARLO;H;
GEHGNEZ;DEL CRISTO;M;
GEIDY;KARINA;M;
GEIDYS;VANESSA;M;
GEINER;LEON;H;
GEINI;;M;
GELEN;YOHANA;M;
GELSON;;H;
GENARO;ANTONIO;H;
GENESIS;;M;
GENITH;;M;
GENNER;LUIS;H;
GENNY;KATHERINE;M;
GENNYCE;MARGARITA;M;
GENSAN;STEVEN;H;
GENY;ANDREA;M;
GEOMAR;JUNIOR;H;
GEOVANIS;MANUEL;H;
GEOVANNI;;H;
GEOVANY;;H;
GERALDIN;PAOLA;M;
GERALDINE;;M;
GERARDO;;H;
GERARDY;TATIANA;M;
GERIN;EDUARDO;H;
GERLY;DEL CARMEN;M;
GERMAN;NULL;H;
GERMAN ;ALONSO;H;
GERMIN;WILLIS;H;
GERSAN;;H;
GERSON;YONAIDER;H;
GEYBER;ANDRES;H;
GEYER;OVERLAIN;H;
GHINER;LILIAN ;M;
GIANFRANCO;;H;
GIANIRIS;PAOLA;M;
GIANNA;KATHERINE;M;
GILBERTO;;H;
GILLE ;SULEY;M;
GILMA;ROSA;M;
GILMER;ANTONIO;H;
GINA;CAROLINA;M;
GINA ;VANESSA;M;
GINETH;YAMILE;M;
GINNA;YOLIBETH;M;
GINNER;ALEXANDER;H;
GINNETH;NOHEMY;M;
GIOBANNY;ANDRES;H;
GIOVANI;JESUS;H;
GIOVANIS;DE JESUS;H;
GIOVANNA;ALEJANDRA;M;
GIOVANNI;ENRIQUE;H;
GIOVANNI ;DE JESUS;H;
GIOVANNY;JAVIER;H;
GISELA ;ANDREA;M;
GISELLA;MERCEDES;M;
GISETH;KATHERINE;M;
GISSELLE;PAOLA;H;
GLADIS;MARIA;M;
GLADYS;NULL;M;
GLASDEY;ASTRID;M;
GLEBIN;SAID;H;
GLEDIS;;M;
GLEIDIS;DEL CARMEN;M;
GLEIVER;DAVID;H;
GLEM;ALFONSO;H;
GLENDY;JECSENIA;M;
GLENIA;DEL CARMEN;M;
GLENIS;YULIETH;M;
GLEYDYS;JULIETH;M;
GLINIS;ESTHER;H;
GLORIA;ISABEL;M;
GLORIA ;YOLANDA;M;
GONZALO;;H;
GORETTY;GHISLAINE;M;
GRACE;ANDREA;M;
GRACIELA;;M;
GRASSY;LORENA;M;
GRATINIANO;;H;
GREGORIO;;H;
GREISIS;PAOLA;M;
GREISY;LUZ;M;
GREISYS;ANGELICA;M;
GRESS;KELLY;M;
GREY;DEL VALLE;M;
GREYS;DEISY;M;
GRICETH;CAMILA;M;
GRIMALDYS;JOSE;H;
GRISSEL;MAYERLI;M;
GRISSETH;;M;
GRODELFY;ANTONIO;H;
GUIDO;ALFREDO;H;
GUILLERMINA;ISABEL;M;
GUILLERMO;;H;
GUISELLA;PAOLA;H;
GUISETH;DANIELA;M;
GUSTAVO;LUIS;H;
GUSTAVO ;ALFONSO;H;
GUSTEBER;MANUEL;H;
GUZMAN;EDUARDO;H;
GYANINA;DE JESUS;M;
HADER;DAVID;H;
HAIDER;ANTONIO;H;
HAIDY;MELISSA;M;
HALEY;TATIANA;M;
HALIME;DEL CARMEN;M;
HAMER;DAVEY;H;
HAMILTON;;H;
HAMINTHON;ALFRAY;H;
HAMS;PETER;H;
HANER;ELIAS;H;
HANNER;DARIAN;H;
HANNS;RICARDO;H;
HANSEL;LUIS;H;
HANSSEN;DARIO;H;
HARBERT;;H;
HARLEY;;H;
HARLINTONG;;H;
HARNOL;;H;
HAROL;ESTEBAN;H;
HAROLD;MANUEL;H;
HAROT;HUMBERTO;H;
HARRINSON;DAVID;H;
HARRISON;ALBERTO;H;
HARRISSON;FERNANDO;H;
HARRY;JESUS;H;
HARRYS;DE JESUS;H;
HARVEY;OMAR;H;
HASBLEIDY;LILY;M;
HAUAR;YESID;H;
HAYDER;ENRIQUE;H;
HAYRON;DANIEL;H;
HAZEL;DAYANA;M;
HAZIEL;OBEIMAR;H;
HEBER;ENRIQUE;H;
HEBERSON;;H;
HEBERT;ALBERTO;H;
HEBERTO;;H;
HECTOR;SEGUNDO;H;
HECTOR ;IVAN;H;
HEIBERT;CAMILO;H;
HEICEL;ZULAI;M;
HEIDER;RAFAEL;H;
HEIDI;ANDREA;M;
HEIDIS;YOHANA;M;
HEIDY;MARISOL;M;
HEIDYS;NILETH;M;
HEILEN;PAOLA;M;
HEINER;DAVID;H;
HELDA;ESPERANZA;M;
HELDER;STID;H;
HELDING;SALLURY;M;
HELDIS;RAFAEL;H;
HELENA;ISABEL;M;
HELENIS;PATRICIA;M;
HELIANY;;M;
HELMER;AUGUSTO;H;
HELMERT;ARLEY;H;
HELVER;BESNEIDER;H;
HENDER;YESID;H;
HENRRY;;H;
HENRY;JULIAN;H;
HERBERTH;ALEJANDRO;H;
HERCILIA;NULL;M;
HERLEM;LEONOR;M;
HERLY;MIRYAM;M;
HERMENCIA;CARLINA;M;
HERMES;DE JESUS;H;
HERMINIA;DEL SOCORRO;M;
HERMIS;;H;
HERNAN;DARIO;H;
HERNANDO;;H;
HERNEY;ENRIQUE;H;
HERSON;URIEL;H;
HEYDER;JOSE;H;
HEYDI;;M;
HEYDY;DANIELA;M;
HEYLLER;ANDRES;H;
HEYVER;ANDRES;H;
HEYVIS;BEATRIZ;M;
HIDALMIS;MARIA;M;
HILARIO;;H;
HILARY;MILETH;M;
HILDA;LILIANA;M;
HILDE;ALFONSO;H;
HINDRIS;DEL CARMEN;M;
HODZENN;ALFREDO;H;
HOLGER;ALEXANDER ;H;
HOLLMANN;NULL;H;
HOLMAN;DAVID;H;
HOLMER;ENRIQUE;H;
HOLMES;;H;
HONORALDO;;H;
HONORIA;TERESA;M;
HORACIO;;H;
HOWAR;ALBERTO;H;
HOWARD;ANDRES;H;
HOYLAND;FERNANDO;H;
HUBERT;ANTONIO;H;
HUGO;;H;
HUMBERTO;;H;
IAN;CARLO;H;
IBET;ZUSLAY;H;
IBETH;ORIANA;M;
IBRAHIM;ALBERTO;H;
IBSENA;LINOR;M;
ICELA;MARIA;M;
IDALI;;M;
IDALIA;;M;
IDALIDE;;M;
IDALIDES;;M;
IDANIA;;M;
IDANIS;MERCEDES;M;
IDELFONSO;;H;
IDER;RAFAEL;H;
IDWAR;RICARDO;H;
IGNACIO;DANIEL;H;
ILCE;CAROLINA;M;
ILDA;SOFIA;H;
ILDE;RAFAEL;H;
ILIANA;ISABEL;M;
ILIETH;PAOLA;M;
ILSI;JANETH;M;
ILSI ;ANABEL;M;
INDILIS;VANESSA;M;
INDIRA;ROSA;M;
INELSA;MARIA;M;
INES;MARIA;M;
INGRI;KATHERINE;M;
INGRID;YASLEIDY;M;
INGRIS;PAOLA;M;
INGRY;JOHANA;M;
IPS;SA;N;
IRABELLIS;DE JESUS;M;
IRALIZ;;M;
IRANI;SARAI;M;
IRENE;ASTRID;M;
IRINE;LEONOR;M;
IRIS;DALENA;M;
IRMA;YULENI;M;
IRMA ;BEATRIZ;M;
ISAAC;ALEXANDER;H;
ISABEL;CRISTINA;M;
ISABELA;;M;
ISABELLA;SOFIA;M;
ISADORA;;M;
ISAIAS;;H;
ISAID;DAVID;H;
ISAMAR;;M;
ISAURA;;M;
ISIDRO;;H;
ISIS;MARIA;M;
ISKELY;YEXIBY;M;
ISMAEL;ALFONSO;H;
ISNEL;;H;
ISRAEL;ALEXANDER;H;
ISRRAEL;;H;
IVAN;OMAR;H;
IVAN ;GUSTAVO;H;
IVANA;KARINA;M;
IVANNA;SARHIT;M;
IVETH;;H;
IVETTE;DEL CARMEN;M;
IVIS;JUDITH;M;
IVONNE;ELIZABETH;M;
IZHAR;;H;
JAASIR;MANUEL;H;
JACINTO;JAVIER;H;
JACK;WILLIAM;H;
JACKELINE;;M;
JACKSON;ENRIQUE;H;
JACOB;;H;
JACQUELINE;;M;
JADER;MANUEL;H;
JADER ;IVAN;H;
JADIR;JUNIOR;H;
JAEL;;M;
JAELT;;M;
JAERSINO;JOSE;H;
JAFFE;ALBERTO;H;
JAGNER;JONNY;H;
JAHIDER;JAVIER;H;
JAHIR;SEBASTIAN;H;
JAIBER;YHOANY;H;
JAIDER;FARID;H;
JAILER;NULL;H;
JAILYN;DANIELA;M;
JAIME;ALBERTO;H;
JAIME ;SEGUNDO;H;
JAINER;;H;
JAINNER;LEANDRO;H;
JAIR;ENRIQUE;H;
JAIR ;ALEXANDER;H;
JAIRETH;YAJAIRA;M;
JAIRO;VICENTE;H;
JAIRO ;MARTIN ;H;
JAIRON;SEGUNDO;H;
JAISON;;H;
JAIVER;LUIS;H;
JALKER;LUIS;H;
JAMEL;ENRIQUE;H;
JAMER;ALBERTO;H;
JAMES;;H;
JAMINTHON;;H;
JAMIR ;JAVIER;H;
JAN;CARLOS;H;
JANER;;H;
JANETH;;M;
JANINA;MAYDEE;M;
JANIS;YANPIER;H;
JANNER;ALEXIS;H;
JANNES;DAVID;H;
JANNETH;;M;
JAQUELINE;YUNCELY ;M;
JARDIEL;;H;
JARED;DAVID;H;
JARINSON;SMITH;H;
JARINTON;JOSE;H;
JARITHMA;CAMILA;M;
JAROL;FERNEYS;H;
JAROL ;CAMILO ANDRES;H;
JARRINZON;;H;
JARRISON;;H;
JASBLEIDY;PAOLA;M;
JASBLEIDYS;;M;
JASMARY;STHEFANY;M;
JASON;NICOLAS;H;
JASSER;;H;
JASSICK;;M;
JATNIEL;ZAIR;H;
JAVID ;ARMANDO ;H;
JAVIER;AUGUSTO;H;
JAVIER ;ANDRES ;H;
JAVIVIS;;M;
JAZMIN;;M;
JEAME;KATHERINE;H;
JEAN;CARLOS;H;
JEAN ;CARLOS;H;
JEAN CARLOS;MAURICIO;H;
JEANM;MATHEUS;H;
JECIKA;PAOLA;M;
JEFERSON;;H;
JEFERSSON;ANDRES;H;
JEFFERSON;RENE;H;
JEFFERSSON;ALEXANDER;H;
JEFFREY;;H;
JEFFRY;DAVID;H;
JEFREY;DANIEL;H;
JEHISON;;H;
JEIDER;;H;
JEIDI;YURANI;M;
JEIMI;CAROLINA;M;
JEIMMY;ANDREA;M;
JEIMY;PAOLA;M;
JEINER;JESUS;H;
JEINNY;;M;
JEISER;DAVID;H;
JEISON;;H;
JEISSON;FABIAN;H;
JEIVER;ESTIVEN;H;
JEIVER ;LUIS;H;
JELHEN;JOHANNA;M;
JELLY;ALEJANDRA;M;
JENIFER;CAROLINA;M;
JENIFFER;;M;
JENNER;OMAR;H;
JENNIFER;;M;
JENNIFFER;JOHANA;M;
JENNIT;LORENA;M;
JENNY;MELISSA;M;
JENNY ;CAROLINA;M;
JENNYFER;VIVIANA;M;
JENY;JOHANA;M;
JEREMIAS;EDUARDO;H;
JERLY;JAISURY;M;
JERRY;BRAIN;H;
JERSON;JOSE;H;
JERSON ;JULIO;H;
JERSSON;SMITH;H;
JERYLEE;;M;
JERZON ;WUALTINO;H;
JESICA;JULIETH;M;
JESIE;LORENA;M;
JESSFERSON;;H;
JESSICA;TATIANA;M;
JESSICARINA;;M;
JESSIKA;PAOLA;M;
JESUALDO;;H;
JESUS;EUGENIO;H;
JESUS ;ENRIQUE;H;
JESUSA;;M;
JEYSON;ENRIQUE;H;
JEYSSEN;KATERYNNE;M;
JEYSY;DAYANA;M;
JEZIEL;DAVID;H;
JHAN;CARLOS;H;
JHANFER;ALONSO;H;
JHANN;KARLO;H;
JHARELIS;DAYANA;M;
JHEISON;;H;
JHEISSON;DAVID;H;
JHELSUN;DANOBIS;H;
JHENIFFER;CONSTANZA;M;
JHENNY;ALEXANDRA;M;
JHEYDER;EDUARDO;H;
JHEYNNER;ANDRES;H;
JHOAN;SEBASTIAN;H;
JHOANDRINA;VERONICA;M;
JHOANDRIS;YOEL;H;
JHOANNYS;CAROLINA;M;
JHOHAN;STYVEN;H;
JHOINER;JOSE;H;
JHOJAN;ALBERTO;H;
JHOLMER;JOSE;H;
JHON;ALEXANDER;H;
JHON ;JAIRO;H;
JHON JAIRO;JUNIOR;H;
JHONATAN;SILVESTRE;H;
JHONATAN ;LUIS;H;
JHONATHAN;HERNANDO;H;
JHONATTAN;;H;
JHONI;FERNANDO;H;
JHONIER;DAVID;H;
JHONIER ;ANDRES;H;
JHONIS;ELIAS;H;
JHONN;RICHARD;H;
JHONN EDINSSON;DANIEL;H;
JHONNATAN;ALEXIS;H;
JHONNATHAN;;H;
JHONNER;JONAS;H;
JHONNY;JAVIER;H;
JHONNYER;ESTIVEN;H;
JHONNYS;ESTEBAN;H;
JHONY;RAFAEL;H;
JHONYS;ALBERTO;H;
JHORDY;LEONARDO;H;
JHORMA;LEANDRO;H;
JHORMAN;MAURICIO;H;
JHORYAN;OSWALDO;H;
JHORYENIS;;M;
JHOSETT;GREGORY;H;
JHOSSUER;JULIAN;H;
JHOVANI;SAMIR;H;
JHOWMSMAN;ISMAEL;H;
JHOYSEN;ANDRES;H;
JHULIANA;ANDREA;M;
JIGNER;FABIAN;H;
JIM;EFREN;H;
JIMENA;CAROLINA;M;
JIMMY;JAVIER;H;
JINET;KATHERINE;M;
JINNA;MARCELA;M;
JISED;GERALDINE;M;
JISELL;STEPHANY;M;
JISNEY;PATRICIA;M;
JOAN;;H;
JOANA;MARSELA;M;
JOANDRY;NATHALY;M;
JOANDRYS;YELISMAR;M;
JOAO;;H;
JOAQUIN;DEMETRIO;H;
JOCSAN;JESUS;H;
JOEFREY;ZACARIAS;H;
JOEL;ISAAC;H;
JOFRAN;DAVID;H;
JOHAN;MICHAEL;H;
JOHANA;MARCELA;M;
JOHANDRA;PATRICIA;M;
JOHANIS;DEL CARMEN;M;
JOHANNA;;M;
JOHANYS;;M;
JOHAO;ALEXANDER;H;
JOHEINYS;;M;
JOHN;ALEXANDER;H;
JOHN ;JAIRO;H;
JOHNATAN;ALEJANDRO;H;
JOHNATTAN;DAVID;H;
JOHNNIFFER;WILSON;H;
JOHNNY;JESUS;H;
JOHNY;MAURICIO;H;
JOHSON;JOSE;H;
JOLMAN;YESID;H;
JOLVER;JOAN;H;
JON;JAIRO;H;
JONAR;DE JESUS;H;
JONAS;DE DIOS;H;
JONATAN;DANILO;H;
JONATHA;DE JESUS;H;
JONATHAN;ORLANDO;H;
JONATHAN ;DAVID;H;
JONATTAN;DAVID;H;
JONHATAN;DAVID;H;
JONIS;ANTONIO;H;
JONNATHAN;ARBEY;H;
JONNY;FERNANDO;H;
JORDAN;JOEL;H;
JORDY;LUCIANO;H;
JORFHAN;ARISTIDES;H;
JORGE;OCTAVIO;H;
JORGE ;ANIBAL;H;
JOSE;GREGORIO;H;
JOSE ;SANTOS;H;
JOSEFINA;ISABEL;M;
JOSEH;ANDRES;H;
JOSEHP;DAVID;H;
JOSELIN;MILENA;M;
JOSEPH;ALFONSO;H;
JOSFLEN;KARINA;M;
JOSHUA;YERSEL;H;
JOSIMAR;NULL;H;
JOSMANN;ORLANDO;H;
JOSSIMAR;LEANDRO;H;
JOSTIN;SAMIR;H;
JOSUE;FERNANDO;H;
JOVANA;MARIA;M;
JOVANIS;;H;
JOVANN;ESTEBAN;H;
JOVANY;DE JESUS;H;
JOYCE;;M;IGUAAAAAAL
JOYCE;MANUEL;H;IGUAAAAAAAAL
JOZIP;ESTEVAN;H;
JUAN;FRANCISCO;H;
JUAN ;CARLOS;H;
JUANA;CECILIA;M;
JUDITH;JIMENA;M;
JUDY;TATIANA;M;
JULEISI;ANDREA;M;
JULEITSY;ALEXANDRA;M;
JULIA;YENNY;M;
JULIA ;PATRICIA;M;
JULIAN;ESTEBAN;H;
JULIAN ;DAVID;H;
JULIANA;MARIA;M;
JULIANIS;;M;
JULIANY;ANDREA;H;
JULIANYS;MARGARITA;M;
JULIE;PAOLA;M;
JULIET;PAOLA;M;
JULIETH;PAOLA;M;
JULIO;CESAR;H;
JULIO ;CESAR ;H;
JULISSA;ANDREA;M;
JULLY;MARCELA;M;
JULO;CESAR;H;
JULSINAY;SIMELLA;M;
JULY;PAOLA;M;
JUNEIDYS;;M;
JUNIOR;JOSE;H;
JURGEN;;H;
JURY;PATRICIA;M;
JUSETH;ALFONSO;H;
JUSTO;PASTOR;H;
KALET;JOSUE;H;
KALETH;ENRIQUE;H;
KARELYS;MARINA;M;
KAREM;MARGARITA;M;
KAREN;ZULEY;M;
KARENIS;YANETH;M;
KARENT;MAYTE;M;
KARINA;;M;
KARINE;PATRICIA;M;
KARING;AIDMETH;H;
KARLA;MARCELA;M;
KARLIANNYS;JOSE;H;
KAROL;DAYANA;M;
KAROLAINE;THALIA;M;
KAROLL;STEFFY;M;
KARY;SILVANA;M;
KARYN;YUSLEY;M;
KASSANDRA;DE JESUS;M;
KATERIN;ANDREA;M;
KATERINE;ALEXANDRA;M;
KATHERIN;PAOLA;M;
KATHERINE;;M;
KATHERINNE;;M;
KATHLEEN;SOFIA;M;
KATIA;MARIA;M;
KATIUSKA;;M;
KATTERINE;;M;
KATTY;JULIETH;M;
KATY;LEONOR;M;
KEILA;LEONOR;M;
KEILIS;YULIETH;M;
KEINER;JAVIER;H;
KEIRYS;LUCIA;M;
KEISY;YIRLEZA;M;
KEIVIN;ENRIQUE;H;
KELEINY;PAOLA;M;
KELI;LLOANA;M;
KELIS;YOJANA;M;
KELLIAN;ALFONSO;H;
KELLY;JHOHANA;M;
KELLYN;PAOLA;M;
KELLYS;;M;
KELVIN;DE JESUS;H;
KELY;JOHANA;M;
KEMBERLY;TATIANA;M;
KENDRA;MILETH;M;
KENDRY;JOANA;M;
KENLY;JOHANNA;M;
KENNEDY;ESNIDER;H;
KENNY;JIRLEY;M;
KEREN;PATRICIA;H;
KERLLY;JOHANA;M;
KERLY;PAOLA;M;
KERWIN;RAFAEL;H;
KESIA;YADITH;M;
KETTY;MARCELA;M;
KEVIN;YUSED;H;
KEVIN ;ANDRES;H;
KEVINN;DAVID;H;
KEVIS;JOEL;H;
KEYLA;ANDREA;M;
KEYNER;JOSE;H;
KEYNYS;SARAY;M;
KEYSMAR;ALFONSO;H;
KINVERLEY;;M;
KINVERLY;MARIA;M;
KIRA;PATRICIA;M;
KLAUSS;KEVIN;H;
KLEYDERMAN;;H;
KLINERVIS;BETSABE;M;
KORAIMA;;M;
KRASSY;ESTHER;M;
LACIDES;ANTONIO;H;
LADY;PAOLA;M;
LAIDER;MANUEL;H;
LAIDIS;NULL;M;
LAIDY;JOHANA;M;
LAIDYS;STEFFANY;H;
LAINIKER;ESMITH;H;
LAINIS;MARIA;M;
LARRY;ALFONSO;H;
LASTENIA;MARIA;M;
LAUDY;JOHANA;M;
LAURA;STELLA;M;
LAURA ;MARCELA;M;
LAUREANO;GABRIEL;H;
LAURIS;DANIELA;M;
LEANDRA;;M;
LEANDRO;JHAIR;H;
LEANNY;MERILYS;M;
LEDDY;DIANA;M;
LEDIS;MARIA;M;
LEDY;FARLEY;M;
LEDYS;MARGOTH;M;
LEGUIS;;H;
LEHDER;JOSE;H;
LEIDER;MAURICIO;H;
LEIDI;BIVIANA;M;
LEIDIS;ADRIANA;M;
LEIDY;MARIAM;M;
LEIDY ;PAOLA;M;
LEIDY  ;JOHANA;M;
LEIDYS;DIANA;M;
LEILA;ROCIO;M;
LEINA;LORENA;H;
LEINER;DAVID;H;
LEINIS;JOSE;H;
LEINYS;LINETH;M;
LEISY;CECILIA;M;
LENA;ESTHER;M;
LENIN;DAVID;H;
LENIS;DEL CARMEN;M;
LENNIN;SANTIAGO;H;
LENNY;EDUMARYS;M;
LENYN;;H;
LEON ;JAIRO;H;
LEONAR;JAHN;H;
LEONARD;ANDRES;H;
LEONARDO;;H;
LEONARDO ;ANDRES;H;
LEONEL;;H;
LEONID;MIJAIL;H;
LEONIDAS;NULL;H;
LEONITH;;H;
LEONOR;;H;IGUAAAAAAL
LEONOR;;M;IGUAAAAAAAAL
LEONY;;M;
LEOPOLDO;ENRIQUE;H;
LEOVAL;ENRRIQUE;H;
LERCY;EUGENIA;M;
LESLI;PAOLA;M;
LESLIE;JOVANNA;M;
LESLIN;DAHIANA;M;
LESLY;DINETH;M;
LESSLY;JYSETH;M;
LESTER;RAFAEL;H;
LETICIA;;M;
LEUDIS;;M;
LEVIS;MANUEL;H;
LEWIS;HUMBERTO;H;
LEXA;KATERINE;M;
LEXLY;JOHANA;M;
LEYDI;MILENA;M;
LEYDI ;CAROLINA;M;
LEYDIS;PATRICIA;M;
LEYDIS ;ISABEL;M;
LEYDY;FARINA;M;
LEYLA;YIZELTH;M;
LEYMY;SOLIANY;M;
LEYNER;SMAISELL;H;
LEYVI;JOHANA;M;
LIA;PATRICIA;M;
LIBARDO;ANTONIO;H;
LIBBETH;TATIANA;M;
LIBER;DE JESUS;H;
LIBIA;;M;
LIBIER;FELIPE;H;
LICEHT;KATHERINE;M;
LICET;PAOLA;M;
LICETH;PATRICIA;M;
LICINIO;DE JESUS;H;
LIDA;LIZETH;M;
LIDEN;ANDREA;M;
LIDIA;;M;
LIDIS;DEL CARMEN;M;
LIDY;YINETH;M;
LIDYS;MARGOTH;M;
LIGEL;JOSE;H;
LIGIA;MARCELA;M;
LILI;JOHANA;M;
LILIA;ESTHER;M;
LILIAM;SISBEY;M;
LILIAN;JULIANA;M;
LILIANA;;M;
LILIANA ;MILENA;M;
LILIBETH;;M;
LILIBETH ;DEL CARMEN;M;
LILIDARYS;;M;
LILIETH;;M;
LIMBERTO;;H;
LINA;ROMELIA;M;
LINDA;CATHERIN;M;
LINDARSY;LEYANITH;M;
LINDI;ROSA;M;
LINET;LICETH;M;
LINETH;MARCELA;M;
LINEY;ROCIO;M;
LINNEY;NULL;M;
LIRI;ISABEL;H;
LISANDRO;FRANCISCO;H;
LISBETH;YELITZA;M;
LISBETH ;;M;
LISDEY;;M;
LISET;JOHANA;M;
LISETH;;M;
LISLEY;;M;
LISNEY;;M;
LISSETH;YANNUZKA;M;
LIYAN;FAINORI;M;
LIZ;MAYERLY;M;
LIZAJHUSETH;;M;
LIZAY;PAOLA;M;
LIZBET;;M;
LIZBETH;TERESA;M;
LIZDARY;LIZETH;M;
LIZETH;CAROLINA;M;
LIZNEIDY;MARIA;H;
LIZZETH;DAYANNARA;M;
LLINED;CAROLINA;M;
LORAINE;ESTEPNIA;M;
LORAYNE;GISELL;M;
LOREN;MICHEL;M;
LORENA;MARIA;M;
LORENIS;PAOLA;M;
LORENZA;MARIA;M;
LORENZO;JUSTINIANO;H;
LOREYNY;JANNETH;M;
LOURDES;ISABEL;M;
LUBANSKY;ENRIQUE;H;
LUBIDIA;;M;
LUCEDILA;;M;
LUCELIS;;M;
LUCELLY;;M;
LUCENITH;;M;
LUCERO;;M;
LUCIA;DEL CARMEN;M;
LUCILA;;M;
LUCINA;DEL CARMEN;M;
LUCINDA;MARIA;M;
LUCIO;FERNEY;H;
LUCY;RAQUEL;M;
LUDERLY;DEL PILAR;M;
LUDIS;CAROLINA;M;
LUDIVIA;;M;
LUDVIN;;H;
LUDWIN;MAURICIO;H;
LUDWING;;H;
LUDY;YESENIA;H;
LUDYN;YURLEY;M;
LUDYS;ESTHER;M;
LUIA;EMILIO;H;
LUIGI;ANDRES;H;
LUILLIS;GABRIEL;H;
LUIS;CARLOS;H;
LUIS ;OMAR;H;
LUIS ALFONSO;JUNIOR;H;
LUISA;CAROLINA;M;
LUISA ;INES;M;
LUISANA;;M;
LULIS;JOSEFA;M;
LUSEDIS;ISABEL;M;
LUSWIN;ANDRES;H;
LUZ;MARIBEL;M;
LUZ ;MYRIAM;M;
LUZ MARINA;DE LA CRUZ;M;
LUZDEY;MAYERLY;M;
LUZNERIS;;M;
MABBY;;M;
MABEL;MILENA;M;
MABLA;LIZ;M;
MADEL;DEL CARMEN;M;
MADELEIN;VANESA;M;
MADELEINE;DEL CARMEN;M;
MADID;ANTONIO;H;
MADIRIS;;M;
MADVI;ZAMIR;M;
MAFY;JOHANA;M;
MAGALY;ISABEL;M;
MAGALYS;ESTHER;M;
MAGDA;KATHERINE;M;
MAGDALENA;;H;
MAGYORY;JASIEL;M;
MAICHEL;JHORDAN;H;
MAICOL;ANTONIO;H;
MAIDA;MERCEDES;M;
MAIKEL;DANIEL;H;
MAIKOL;ENRRIQUE;H;
MAIKOLL;LIBARDO;H;
MAILEE;DECIRETH;M;
MAILETH;JOHANA;M;
MAILIN;;M;
MAILY;ALEJANDRA;M;
MAILYN;DANIELA;M;
MAIRA;ALEJANDRA;M;
MAIRET;DEL CARMEN;M;
MALGONY;JAVIER;H;
MALKA;IRINA;M;
MALMER;YECID;H;
MANUEL;FERNANDO;H;
MANUELA;;M;
MAOLY;;M;
MARA;MASIEL;M;
MARALED;;M;
MARBEL;;M;
MARBELIS;;M;
MARBELUZ;;M;
MARCEL;JUNIOR;H;
MARCELA;;M;
MARCELINO;;H;
MARCETH;YULIETH;M;
MARCIAL;SEGUNDO;H;
MARCO;JOSE;H;
MARCO ;TULIO;H;
MARCOS;GUILLERMO;H;
MAREILIS;;M;
MARELBIS;;M;
MARELBY;JOHANA;H;
MARELIS;MARIA;M;
MARELVI;ESTHER;M;
MARELVIS;DEL CARMEN;M;
MARELYZ;DE JESUS;M;
MARGARITA;MARIA;M;
MARGARITA ;RUTH;M;
MARGELYS;LUZ;M;
MARGGY;EGLET;M;
MARGY;KATHERINE;M;
MARI;FERNANDA;M;
MARIA;JULIANA;M;
MARIA ;ALBERTINA;M;
MARIAM;ISABEL;M;
MARIANA;ESTHER;M;
MARIANELA;;M;
MARIANGEL;;M;
MARIANO ;;H;
MARIANYELA;ROSSANA;M;
MARIBEL;;M;
MARICELA;NULL;M;
MARIELA;ESTHER;M;
MARIETH;YOJANNA;M;
MARILEIDIS;ELENA;M;
MARILLEINIS;;M;
MARILU;;M;
MARILUZ;;M;
MARINA;;M;
MARINELA;PAOLA;M;
MARINELL;DOMINGO;H;
MARINO;DE JESUS;H;
MARIO;FERNANDO;H;
MARIOXI;DEL CARMEN;M;
MARISELA;;M;
MARISODELIS;;M;
MARISOL;;M;
MARITZA;;M;
MARIVEL;;M;
MARJHURY;ALEJANDRA;M;
MARLEN;MARGARITA;M;
MARLENE;ISABEL;M;
MARLEY;;M;
MARLEYDY;ALEJANDRA;M;
MARLEYS;;M;
MARLIDYS;GREGORIA;M;
MARLIN;YICELA;M;
MARLLY;STEFANY;M;
MARLON;RAUL;H;
MARLON ;;H;
MARLOOY;NULL;H;
MARLY;DAYANA;M;
MARLYN;CAROLINA;M;
MAROLYN;GISELLA;M;
MARTA;LEONOR;M;
MARTHA;JEANNETHE;M;
MARTIN;NULL;H;
MARTIN ;ALFONSO;H;
MARVIN;EDWIN;H;
MARWIN;ALFONSO;H;
MARY;LUZ;M;
MARYCELY;;M;
MARYELI;;M;
MARYET;KATHERIN;M;
MARYI;VIVIANA;M;
MARYLIN;SOFIA;M;
MARYLUZ;;M;
MARYNELA;;M;
MARYORI;PAOLA;M;
MARYURI;;M;
MARYURIS;;M;
MARYURY;;M;
MASSIEL;;M;
MATEO;;H;
MATHELING;DAYANN;M;
MATILDE;AUXILIADORA;M;
MATTHIUS;;H;
MAUNNY;TATIANA;M;
MAURA;YULIANA;M;
MAURICIO;NULL;H;
MAURICIO ;JAVIER ;H;
MAURO;DE JESUS;H;
MAURY;ALEJANDRA;M;
MAVIS;MILENA;M;
MAX;DE JESUS;H;
MAYANIS;DEL CARMEN;M;
MAYBEL;YUSTINA;M;
MAYCOL;ESTIVEN;H;
MAYERLANDY;;M;
MAYERLI;KATHERINE;M;
MAYERLIN;PAOLA;M;
MAYERLINE;;M;
MAYERLITH;SHULAY;M;
MAYERLIZ;ANDREA;M;
MAYERLY;CAROLINA;M;
MAYERLYS;;H;
MAYGRET;ZOLANGE;M;
MAYIBIS;ROCIO;M;
MAYIR;DE JESUS;H;
MAYIRIS ;DEL CARMEN;M;
MAYKOL;DAVID;H;
MAYKOLL;LUIS;H;
MAYLI;JULIETH;M;
MAYOLIS;MILAGRO;M;
MAYRA;ALEJANDRA;M;
MAYRUTH;;M;
MAYUDI;ESPERANZA;M;
MAYUDIT;ANGELA MARIA;M;
MAYURIS;;M;
MAYURY;;H;
MAYVETH;CECILIA;M;
MEDARDO;;H;
MEDELEINY;;M;
MEGAN;AUDATE;M;
MELBA;ROSA;M;
MELCHOR;DE LOS REYES;H;
MELISA;ISABEL;M;
MELISSA;ALEJANDRA;M;
MELITZA;CAROLINA;M;
MELKIN;;H;
MELQUISEDEC;NULL;H;
MELVA;ROSA;M;
MERCEDES;ISABEL;M;
MERCY;CAMILA;M;
MERLEN;JHOANA;H;
MERLIN;ANDREA;M;
MERLY;TATIANA;M;
MERLYS;MARIA;M;
MERY;JOHANA;M;
MERYNELDA;;M;
METZLI;GABRIELA;M;
MICHAEL;LANDON;H;
MICHEEL;PAMELA;H;
MICHEL;ALBERTO;H;IGUAAAAAAL
MICHEL;LORENA;M;IGUAAAAAAAAL
MICHELE;DAYANA;M;
MICHELLE;MARIA;M;
MICHELLI;PATRICIA;M;
MIGUEL;ANGEL;H;
MIGUEL ;ANTONIO;H;
MILAGRO;ESTHER;M;
MILBO;MANUEL;H;
MILCIADES;ALFONSO;H;
MILDRED;PAOLA;M;
MILDRETH;PAOLA;M;
MILDREY;;M;
MILEIDY;LORENA;M;
MILENA;ISABEL;M;
MILEYDA;ESTHER;H;
MILI;FAISULY;M;
MILLER;ANDRES;H;
MILLERLANDY;;M;
MILTON;RODRIGO;H;
MINDREY;YERALDY;M;
MINERVA;MODESTA;M;
MIRDALYS;ESTHER;H;
MIRELIA;;M;
MIREYA;;M;
MIRIAM;ELISA;M;
MIRIAN;ESTHER;M;
MIRLEIDIS;;H;
MIRYAM;PATRICIA;M;
MISAEL;;H;
MISSOURIS;;M;
MITSHELL;SEBASTIAN;H;
MITZI;LORENA;M;
MITZY;DAYANA;M;
MIYER;ANDREA;H;
MODESTO;ENRIQUE;H;
MOHINI;DEVI;M;
MOISES;NULL;H;
MONICA;ANDREA;M;
MONICA ;ESTER;M;
MONTERIA;;M;
MULFOR;;H;
MYRIAM;IMELDA;M;
NACIR;ENRIQUE;H;
NACIRA;ISABEL;M;
NADIA;ENITH;M;
NADY;LUZ;M;
NAFER;MANUEL;H;
NAFFER;ALBERTO;H;
NAIR;YORLEY;M;
NAIRO;HERNAN;H;
NAIROVIS;ESTHER;M;
NANCY;BIBIANA;M;
NARCISA;ISABEL;M;
NARDA;JULIETH;M;
NARETH;GABRIELA;M;
NARLY;CAROLINA;M;
NASLY;ELIZABETH;M;
NATAHLIA;;M;
NATALI;;H;
NATALIA;ANDREA;M;
NATALY;SEGIRA;M;
NATHALI;;M;
NATHALIA;;M;
NATHALIE;;M;
NATHALY;ALEJANDRA;M;
NATHIUFS;SANTIAGO;H;
NATTALY;MARCELA;M;
NAUDID;DEL CARMEN;H;
NAVIS;MARIA;M;
NAY;LUZ;M;
NAYIBE;MARIA;M;
NAYIC;ALFONSO;H;
NAYID;RAFAEL;H;
NAYLA;ISABEL;M;
NAYRO;ALBERTO;H;
NAYSA;CATALINA;M;
NAZIRA;ISABEL;M;
NAZLY;ELENA;M;
NAZZILY;ATENAIZ;M;
NEBIS;MARIA;M;
NEDIMIS;ANTONIO;H;
NEDLINGER;HUMBERTO;H;
NEFTALI;;H;
NEFY;ALFONSO;H;
NEIDA;;M;
NEIDER;ENRIQUE;H;
NEIDIS;;M;
NEIDY;MARYURY;M;
NEIL;ALBERTO;H;
NEILIS;;M;
NEIRO;;H;
NEIVER;ALFREDO;H;
NEIVIS;KATERINE;M;
NELBA;LORENA;M;
NELCY;VIVIANA;M;
NELEIDYS;MARIA;M;
NELFI;;M;
NELFRY;;H;
NELIA;ESTELLA;M;
NELIS;;M;
NELLANNA;SOFIA;M;
NELLIS;ISABEL;M;
NELLY;FABIANA;M;
NELLYS;;M;
NELSON;HELI;H;
NELSY;PAOLA;M;
NELVIS;ELISA;M;
NENCY;EDITH;M;
NEREIDA;JUDITH;M;
NERILSA;;M;
NERYS;SHIRLEY;M;
NESLON;URIEL;H;
NESTOR;;H;
NEUDITH;DANITH;M;
NEVER;JOSE;H;
NEVIS;ESTELA;M;
NEY;FERNANDO;H;
NEYDA;YANIRA;M;
NEYDER;ALEXANDER;H;
NEYER;ESTIFEN;H;
NEYIS;DEL CARMEN;M;
NEYLA;;M;
NEYMAR;EDITH;M;
NEYTHAN;MADICSON;H;
NHORA;DIVA;M;
NIBIA;ESTHER;M;
NICANDRO;ALBERTO;H;
NICOL;BRISLEY;M;
NICOLAS;EDUARDO;H;
NICOLAS ;ANTONIO;H;
NICOLASA;MARIA;M;
NICOLE;ALEJANDRA;M;
NICOLLE;VALENTINA;M;
NIDIA;JANNETH;M;
NIEVES;MARIA;M;
NIKHOLL;;M;
NIKI;;H;
NIKOL;DAYANA;M;
NILSEN ;;H;
NILSON;ENRIQUE;H;
NILTON;JOSE;H;
NILYS;MILENA;M;
NINA;JOHANNA;M;
NINFA;;M;
NINI;JOHANA;M;
NITZA;CONCEPCION;M;
NITZY;XIOMARA;M;
NIVALDO;ENRIQUE;H;
NIXON;;H;
NIYIRETH;TATIANA;M;
NO UTILIZAR JUAN;RAMIRO;H;
NOEL;;H;
NOELIA;;M;
NOHEMY;DEL CARMEN;H;
NOHORA;CRISTINA;M;
NOILYS;;M;
NOLBER;ANDRES;H;
NOLIA;;M;
NORA;CECILIA;M;
NORALBA;;H;
NORAYDA;;M;
NORAYMIS;YUDITH;M;
NORBERTO;;H;
NORELIS;;M;
NORHA;CLEMENCIA;M;
NORIS;LUZ;M;
NORLAN;BRINDICI;H;
NORLEYVI;ESPERANZA;M;
NORMA;PATRICIA;M;
NORMAN;EDUARDO;H;
NORMANIA;;M;
NORYS;ESTHER;M;
NUBIA;ESTER;M;
NUBY;VANESSA;M;
NUFELIA;;M;
NURMIS ;HICELA;M;
NURY;KATHERINE;M;
NURYS;ESTER;M;
OBERTO;MANUEL;H;
OBIER;OMAR;H;
OCTAVIO;ESTEBAN;H;
ODALINDA;NULL;M;
ODALIS;ISABEL;M;
OFELIA;;M;
OFIR;;M;
OLAX;RICARDO;H;
OLFA;LURLINE;M;
OLFADINA;;M;
OLGA;LUCIA;M;
OLGA ;KARIME;M;
OLGER;ENRIQUE;H;
OLIDEN;STEVEN;H;
OLIMPIA;ISIDRA;M;
OLIVA;;M;
OLIVER;JOSE;H;
OLVER;NEY;H;
OMAIRA;NULL;M;
OMAIRETH;;M;
OMAR;;H;
OMAR ;SAUL;H;
OMARIS;YARINETH;M;
OMER;JOSE;H;
ONEL;ESTEBAN;H;
ONIRIS;LISBETH;M;
ONOFRE;;H;
ORFA;NULL;M;
ORFALIRIA;;M;
ORFELINA;;M;
ORIANA;ESMIT;M;
ORLANDO;MIGUEL;H;
ORLANDO ;DE JESUS;H;
ORLEY;ISABEL;M;
ORLINA;ROSA;M;
ORLIS;KATERINE;M;
ORTELIO;;H;
OSBALDO;;H;
OSCAR;IVAN;H;
OSCAR ;MICHEL;H;
OSCARLIS;ANTONIETA;M;
OSIRIS;LEONOR;M;
OSKARELYS;;M;
OSMAN;;H;
OSMEIDYS;;M;
OSMEL;DE JESUS;H;
OSNAIDER;JOSE;H;
OSNEIDER;DAVID;H;
OSNEYDER;ENRIQUE;H;
OSVALDO;ALFONSO;H;
OSWALDO;;H;
OSWALDO ;GUILLERMO;H;
OSWALDO DE JESUS;;H;
OTONIEL;;H;
OTTO;ALEXANDER;H;
PABLO;ANDRES;H;
PANFILO;;H;
PAOLA;NULL;M;
PASCUAL;;H;
PATRICIA;;M;
PAUL;;H;
PAULA;ANDREA;M;
PAULINA;;M;
PAULO;ALEXANDER;H;
PEDRO;PABLO;H;
PEDRO ;ANTONIO;H;
PETER;AUGUSTO;H;
PETHER;JHOANYS;H;
PETRONA;DEL SOCORRO;M;
PETRONA ;ROSA;M;
PHILLIP;FERNEY;H;
PHILLIS;;M;
PIEDAD;DEL CARMEN;M;
POL;JOSE;H;
POLICARPA;SORAIDA;M;
POLYOAN;;H;
PRISCILA;;M;
QUEREN;CATHERINE;M;
QUETY;ESTHER;M;
QUINN;OWEN;H;
RAFAEL;ALFONSO;H;
RAFAEL ;SEGUNDO;H;
RAIMAR;RAQUEL;M;
RAINER;ANTONIO;H;
RAIZA;ESTHER;M;
RAMIN ;ALVERTO;H;
RAMIRO;YOVANY;H;
RAMIRO ;ANDRES;H;
RAMIT;ALFONSO;H;
RAMON;ANTONIO;H;
RAMON ;ELIAS;H;
RANDALL;DANIEL;H;
RANDY;JOAN;H;
RAQUEL;;M;
RASADID;JOSUE;H;
RAUL;;H;
RAYMUNDO;MIGUEL;H;
RAYNER;LEONARD;H;
REGULO;;H;
REIBER;ISAAC;H;
REINA;PATRICIA;M;
REINALDO;;H;
REINALDYS;AMAURY;H;
REINOL;ENRIQUE;H;
REIVER;ALEXI;H;
RENE;;H;
RENY;ANDERSSON;H;
REYDXON;KILL;H;
REYES;DE JESUS;H;
REYNALDO;JUNIOR;H;
REYNEL;;H;
RICARDO;;H;
RICHAR;JESUS;H;
RICHAR ;ANDRES;H;
RICHARD;MAURICIO;H;
RICHER;HENRY;H;
RIGOBERTO;;H;
RINA;MARCELA;M;
RITSELA;MARIAN;M;
RIVALDO;ANDRES;H;
ROBBIN;;H;
ROBER;HUMBERTO;H;
ROBERHT;ELIAN;H;
ROBERT;STIVEN;H;
ROBERTH;YASZER;H;
ROBERTO;;H;
ROBERTO ;CARLOS;H;
ROBIN;DAVID;H;
ROBINSON;;H;
ROBINSON ;ENRIQUE;H;
ROCIO;;M;
RODOLFO;JUNIOR;H;
RODRIGO;MANUEL;H;
ROGELIO;;H;
ROGER;MIGUEL;H;
ROGER ;ANTONIO;H;
ROGERT;;H;
ROICER;ALFONSO;H;
ROILAN;IVAN;H;
ROIRIS;OLIDIS;M;
ROLAND;FERNANDO;H;
ROLANDO;ALFREDO;H;
ROLLER;ALBEIRO;H;
ROLMAN;;H;
ROMA;SAS;N;
ROMAN;ALEXANDER;H;
ROMARIO;;H;
ROMER;ALEXANDER;H;
ROMERO;OBREGON;H;
ROMIS;;H;
ROMMEL;SANTIAGO;H;
ROMULO;MANUEL;H;
RON;FABIO;H;
RONAL;JAVIER;H;
RONALD;YESID;H;
RONALDO;;H;
RONEL;HORACIO;H;
RONMEL;MANUEL;H;
RONNY;SAMIR;H;
RONY;ALFREDO;H;
ROOSEVELT;ANTONIO;H;
ROSA;MARIA;M;
ROSAANA;MARIA;M;
ROSALBA;ESTHER;M;
ROSALBINA;;M;
ROSALINDA;;M;
ROSALIS;NATALY;M;
ROSANGELICA;;M;
ROSARIO;;M;
ROSAURA;;M;
ROSELVEL;;H;
ROSEMBER;DE JESUS;H;
ROSEMBERT;OMAR;H;
ROSIRIS;ISABEL;M;
ROSLLYN;JADITH;H;
ROSMARI;;M;
ROSMELIA;;M;
ROSMERY;E;M;
ROSMIRYS;DEL SOCORRO;H;
ROSSICELA;;M;
ROSULO;HERNANDO;H;
ROSVELLYS;DEL VALLE;M;
ROSY;MARY;M;
ROXANA;CAROLINA;M;
ROXANA ;CAROLINA;M;
ROYER;JOAQUIN;H;
ROYMAN;YESID;H;
ROYMAR;YESID;H;
ROYWY;;H;
ROZMELIS;SUJEIS;M;
RUBEN;DARIO;H;
RUBEN ;DARIO;H;
RUBIEL;ALFREDO;H;
RUBY;DAYANA;M;
RUBYS;JUDITH;M;
RUDINEY;CAMILO;H;
RUDY;MILEIDI;M;
RUFINO;;H;
RUGERO;ENRIQUE;H;
RUTBY;YESENIA;M;
RUTH;CRISTINA;M;
SABAS;JULIO;H;
SABINA;DE JESUS;M;
SADRIAN;;H;
SAFI;CAMILA;M;
SAGRARIO;;M;
SAHAGUN;;N;
SAHILY;MARGARITA;M;
SAHIR;;H;
SAHIRY;MILENA;M;
SAID;;H;
SAIDA;MAYERLI;M;
SAIDIT;VIVIANA;M;
SAIR;;H;
SAIRA;FERNANDA;M;
SALLY;ANDREA;M;
SALOME;;M;
SALOMON;JOSE;H;
SALVADOR;;H;
SAMIR;ENRIQUE;H;
SAMITH;MODESTO;H;
SAMUEL;ANTONIO;H;
SANDER;EDWIN;H;
SANDIS;URIEL;H;
SANDRA;LILIANA;M;
SANDRA ;PATRICIA;M;
SANDRID;ESTEFANY;M;
SANDRITH;PAOLA;M;
SANDRO;ALCIDES;H;
SANDY;SAMIRA;M;
SANDY ;VANNESA;M;
SANLY;VIVIANA;M;
SANTANDER;MANUEL;H;
SANTIAGO;FELIPE;H;
SANTOS;CRISTINO;H;
SARA;MERCEDES;M;
SARAI;RAQUEL;M;
SARAY;;M;
SARIEL;;H;
SAUL;MANUEL;H;
SAYIRA;PATRICIA;M;
SAYURIS;;M;
SAYURY;;M;
SEBASTIAN;;H;
SEGUNDO;ASDRUBAL;H;
SELENA;LUCIA;M;
SENEN;ALBERTO;H;
SENYA;MIRIET;M;
SERGIO;;H;
SERGIO ;DANIEL;H;
SEVASTIAN;ANDRES;H;
SHABELLIN;NATALIE;M;
SHADDI;ZOARI;M;
SHAILA;PAOLA;M;
SHAIRA;YISSELL;M;
SHAKIRA;CHIQUINQUIRA;M;
SHAQUIRA;PATRICIA;M;
SHARIT DANIELA;ALEXANDRA;M;
SHAROL;SANITH;M;
SHAROLD;CAROLINA;M;
SHARON;ESTEFANY;M;
SHERLYN;YURANI;M;
SHESTELIN;JESUS;H;
SHEYLER;HUMBERTO;H;
SHIRLEY;NULL;M;
SHIRLIS;PATRICIA;M;
SHIRLY;DEL CARMEN;M;
SHNEYDER;;H;
SHRISTIEN;PAOLA;M;
SIDNEE;PAOLA;H;
SIDNEY;PATRICIA;M;
SIGILFREDO;HENRY;H;
SILEIBIS;PATRICIA;M;
SILENA;PATRICIA;M;
SILENIS;DE JESUS;M;
SILVANA;PATRICIA;M;
SILVERIO;;H;
SILVIA;LILIANA;M;
SILVIO;DUBAN;H;
SINDI;DE LOS ANGELES;M;
SINDRY ;PAHOLA;M;
SINDY;PAOLA;M;
SIOMAR;ESTER;M;
SIOMARIS;;H;
SIRA;MARIA;M;
SIRLEIDIS;PAOLA;M;
SIRLENYS;DEL SOCORRO;M;
SIRLEY;;M;
SIRLYS;PAOLA;M;
SIXTO;ENRIQUE;H;
SLENDY;DANIELA;M;
SLHIRLEIDY;ESTEFANIA;M;
SNAIDER;JOSE;H;
SNEIDER;;H;
SNEYDER;VICENTE;H;
SOBEIDA;DEL CARMEN;M;
SOCRATES;;H;
SOFIA;CRISTINA;M;
SOL;FANNY;M;
SOLANDY;MARIA;M;
SOLANYE;;M;
SOLANYI;ANDREA;M;
SOLEDAD;MARIA;M;
SOLEIDA;;M;
SOLMAR;FREDY;H;
SOLVIG;;M;
SONIA;NULL;M;
SOR;ENID;M;
SORAYA;YANINE;M;
SOREL;MARCELA;M;
STALIN;AUGUSTO;H;
STANLEY;FRANCISCO;H;
STARLING;JAVIER;H;
STEFANI;;M;
STEFANIA;;M;
STEFANNY;JULIE;M;
STEFANY;;M;
STEFFENS;JOHN;H;
STEFPHANIE;;M;
STEPHANIE;KATHERINE;H;
STEVEN;MANUEL;H;
STEVENS;GERMAIN;H;
STEVENSON;;H;
STHEBAN;;H;
STHEFANY;PAOLA;M;
STHEPHANIA;DE LOS ANGELES;M;
STHEWARD;FABIAN;H;
STIVEN;;H;
STIVENS;;H;
STIVENSON;ELIAS;H;
SUANNI;LORENA;M;
SUGAR;ANTONIO;H;
SUGEY;;H;
SULEIMA;ESTHER;M;
SULEYMA;ROSA;M;
SULIVE;YADIRA;M;
SUSAN;CAROLINA;M;
SUSANA;;M;
SUSANA ;JAEL ;M;
T;YURANIS;M;
TAILOR;DARIO;H;
TAIS;FRANCHESCA;H;
TALIA;JASBETH;M;
TANIA;LILIANA;M;
TATIANA;PAOLA;M;
TEDDY;SNEIDER;H;
TEMIS;;H;
TEOFILO;ALBERTO;H;
TERESA;FERNANDA;M;
THALIA;DANIELA;M;
THANIA;LUZ;M;
TIBISAY;DEL CARMEN;M;
TILMEN;YOHENNY;H;
TITO;NELSON;H;
TIVISAY;;M;
TOMAS;;H;
TONI;ALFONSO;H;
TONNY;DANIEL;H;
TONY;DE JESUS;H;
TREYSI;PAOLA;M;
TRIANA;EDITH;M;
TRINIDAD;MANUEL;H;
TULIA;ROSA;M;
UBEIMAR;;H;
UNIDA;DE COLOMBIA;N;
URBANO;;H;
URIEL;MAURICIO;H;
URMEDUTH;ESTHER;M;
UWEIRMAR;;H;
VALENTIN;JUNIOR;H;
VALENTINA;;M;
VALERIA;;M;
VALERIE;DANUSKA;M;
VALLEDUPAR;;H;
VALMIRO;RAFAEL;H;
VANESA;ESTEFI;M;
VANESSA;;M;
VEDNYS;RAFAEL;H;
VERLAINE;;H;
VERONICA;CECILIA;M;
VIANNEY;;H;
VIANNY;DE JESUS;M;
VICENTA;DEL CARMEN;M;
VICENTE;ANTONIO;H;
VICKY;PAOLA;M;
VICTOR;MANUEL;H;
VICTOR ;JOEL;H;
VICTORIA;ISABEL;M;
VIDAL;JAVIER;H;
VIKY;TATIANA;M;
VILMA;RUTH;M;
VIRGILIO;;H;
VIRGINIA;ISABEL;M;
VIRNA;ELCY;M;
VIVIANA;ESTHER;M;
VLADIMIR;NULL;H;
WALBERTO;;H;
WALDER;DE JESUS;H;
WALDIR;JOSE;H;
WALTER;YOVANY;H;
WALTIERY;;H;
WASHINTON;RAFAEL;H;
WBEIMAR;;H;
WEGNER;ANTONIO;H;
WEIMAR;;H;
WELLZER;DE JESUS;H;
WELSER;BERNARDO;H;
WENCESLAO;ENRIQUE;H;
WENDI;YURANIS;M;
WENDY;JOHANNA;M;
WENDY ;MELISSA;M;
WILBER;DE JESUS;H;
WILBERTO;;H;
WILDER;;H;
WILDERIS;JOSE;H;
WILFER;JAVIER;H;
WILFOR;EFREEN;H;
WILFRAN;;H;
WILFREDO;;H;
WILFREDY;;H;
WILFRIDO;ENRIQUE;H;
WILIAN;;H;
WILINGTON;ARLEY;H;
WILINTON;ANTONIO;H;
WILL;FRADYS;H;
WILLAN;GIOVANI;H;
WILLIAM;DE JESUS;H;
WILLIAMS;STIVEN;H;
WILLIAN;ANDRES;H;
WILLINGTON;JOSE;H;
WILLINTON;;H;
WILLINTON ;LIZARDO;H;
WILLMAR;JHOVANY;H;
WILLY;;H;
WILMAN;ALONSO;H;
WILMAR;;H;
WILMER;ARNULFO;H;
WILMER ;ENAIRO;H;
WILSON;;H;
WILSON ;HERNANDO;H;
WILTON;ALEXANDER;H;
WILVER;JAYR;H;
WILVIN;ALEXANDER;H;
WILYER;ALBERTO;H;
WINDER;;H;
WINDY;DE JESUS;H;
WINSTON;ANTONIO;H;
WISON;JESUS;H;
WITER;JAZNEY;H;
WLEIDY;TATIANA;M;
WLEIMER;ARLEY;H;
WOLFAN;JOHAN;H;
WOLMAN;JAIR;H;
WOLMAR;ANDRES;H;
WUALKIRIA;ALFONSO;H;
WUILMER;ENRIQUE;H;
XAVIER;EDUARDO;H;
XIMENA;;M;
XIOMARA;KATERINE;M;
XIOMER;YALETSY;M;
XIOMY;DANIELA;M;
XIRIS;DANIELA;M;
YACIRA;SELENIA;M;
YACKELIN;;M;
YACSON;MAURICIO;H;
YADARYS;;M;
YADENIS;ESTHER;M;
YADI;GENID;M;
YADIRA;;M;
YAHILY;CAMILA;H;
YAHIR;;H;
YAHYNER;YASET;H;
YAIDDI;LILLEY;M;
YAIDER;ANTONIO;H;
YAIR;ALEJANDRO;H;
YAJAIRA;;M;
YAJARIS;GISELL;M;
YALA;MARISA;M;
YALILA;ALEXANDRA;M;
YALILE;ESPERANZA;M;
YALILYS;;H;
YAMALI;BEATRIZ;M;
YAMERLY;;M;
YAMID;ENRIQUE;H;
YAMILE;DEL CARMEN;M;
YAMILES;MARIA;M;
YAMILETH;VIANEY;M;
YAMIT;ANDRES;H;
YAMITH;OMAR;H;
YAN;CARLOS;H;
YANCELLY;ANDREA;M;
YANDRY;YULIANIS;M;
YANELIS;;M;
YANELYS;;M;
YANERIS;MILENA;M;
YANERYS;;M;
YANET;ASTRID;M;
YANETH;;M;
YANID;PATRICIA;M;
YANINE;PAOLA;M;
YANIRIS;;M;
YAQUELIN;YANETH;M;
YAQUELINE;;M;
YAREDITH;ELIANA;M;
YARELIS;;M;
YARICER;;M;
YARID;MAURICIO;H;
YARITZA;;M;
YARITZA ;JUDITH;M;
YARLEDIS;;M;
YARLEI;ALBEIRO;H;
YARLEIDIS;;M;
YARLENIS;LORENA;M;
YARLEYMA;;M;
YARLIS;YULIETH;M;
YARSON;DAVID;H;
YASBLEIDY;YANNETHE;M;
YASERF;JOSE;H;
YASIRY;DEL CARMEN;H;
YASITH;DEL CARMEN;M;
YASLEIDY;;M;
YASMELY;;M;
YASMILYS;RAMONA;M;
YASMIN;;M;
YASMINA;;M;
YASMIRA;MARIA;M;
YASNEIDA;JUDITH;M;
YASSER;ENRIQUE;H;
YASSIR;;H;
YAURY;STELLA;M;
YAVIANNY;;H;
YAZMIN;YANETH;M;
YECID;ALEXANDER;H;
YEDERSON;LEANDRO;H;
YEDITH;CAROLINA;M;
YEDITZA;;M;
YEFERSON;;H;
YEFFER;ALFREDO;H;
YEFFERSON;ANDRES;H;
YEFRI;JAIR;H;
YEHISON;ESTEBAN;H;
YEIDER;ANTONIO;H;
YEIDYS;CAROLINA;M;
YEIFER;ANTONIO;H;
YEILA;ALEXANDRA;M;
YEILIS;PATRICIA;M;
YEIMAR;YAMITH;H;
YEIMI;CONSUELO;M;
YEIMIS;;M;
YEIMY;DEL CARMEN;M;
YEINER;;H;
YEINY;JOHANA;M;
YEIRIS;NATALI;M;
YEIS;NATALI;M;
YEISA;ALEJANDRA;M;
YEISI;DAYANA;M;
YEISMY;ANTONIO;H;
YEISON;MANUEL;H;
YEISSON;MANUEL;H;
YEISSON ;YESSI;H;
YEIZON;FABIAN;H;
YEKAIRA;MARGOTH;M;
YELENA;DE JESUS;M;
YELIS;TATIANA;M;
YELITZA;DEL CARMEN;M;
YELITZE;ANDREA;M;
YELLYS;MARIA;H;
YELMIS;LEONOR;M;
YELTSIN;DURLANDY;H;
YELVIS;YINETH;M;
YENCY;LISSETTE;M;
YENDER;AUGUSTO;H;
YENDRI;LEONARDO;H;
YENEIDYS;MARIA;M;
YENFER;DEL CARMEN;M;
YENI;ALEJANDRA;M;
YENIFER;CATALINA;M;
YENINA;PATRICIA;M;
YENIRITH;PAOLA;M;
YENIS;YOHANA;M;
YENNI;ZULAY;M;
YENNIFER;;M;
YENNIFFER;YANINE;H;
YENNIS;PAOLA;M;
YENNY;;M;
YENNYFER;ALEXANDRA;H;
YENNYFFER;TATIANA;M;
YENSY ;FABIAN;H;
YENY;CAROLINA;M;
YERALDIN;AMPARO;M;
YEREMIS;;H;
YERIDA;JACKELINE;M;
YERIFER;;M;
YERIS;JINETH;M;
YERLENIS;PAOLA;M;
YERLI;ANDREA;M;
YERLIS;PAOLA;M;
YERLLY;STEFANY;M;
YERLY;TATIANA;M;
YERSON;YAHIR;H;
YESENIA;;M;
YESICA;MARIA;M;
YESID;DAVID;H;
YESIKA;MAGALY;M;
YESIT;MANUEL;H;
YESITH;;H;
YESLY;MARIANA;M;
YESSENIA;;M;
YESSICA;ESTEFANY;M;
YESSIKA;MAGALY;M;
YESSY;TIBISAY;M;
YESSYKA;MARIA;M;
YEYMI;MARCELA;M;
YEYMY;ALEXANDRA;M;
YEYNS;ANDERSON;H;
YHALEIDYS;ESTHER;M;
YHON;ALEXANDER;H;
YHOVANY;ANDRES;H;
YICELA;;M;
YILBER;;H;
YILBERT;DE JESUS;H;
YILMAR;;H;
YILMER;HUMBERTO;H;
YILVER;DUVAN;H;
YIMI;;H;
YIMIS;;H;
YIMIS ;MANUEL;H;
YIMMY;ALEJANDRO;H;
YIMMY ;FABIAN;H;
YINA;PAHOLA;M;
YINA ;PAOLA;M;
YINELIS;MILENA;M;
YINET;LORENA;M;
YINETH;PAOLA;M;
YINEY;;M;
YINY;PAOLA;M;
YIRA;PATRICIA;M;
YIRBYS;JOSE;H;
YIRLEY;GISETH;H;
YIRLIS;;M;
YISEL;CAROLINA;M;
YISELA;IBETH;M;
YISELL;ADRIANA;M;
YISETH;CAROLINA;M;
YISNEIS;PAOLA;M;
YISSELL;PAOLA;H;
YOAN;JESUS;H;
YOANA;;M;
YOBANY;GERMAN;H;
YODIS;MAGDALENA;M;
YOEINYS;CAROLINA;M;
YOEL;SMITH;H;
YOEMITH;;H;
YOENA;ISABEL;M;
YOENGLIS;;M;
YOENIS;ESLEN;M;
YOHAN;DARIO;H;
YOHANA;NULL;M;
YOHANDRI;MARCELA;M;
YOHANNA;ALEXANDRA;M;
YOHN;YADEL;H;
YOIMER;LUIS;H;
YOINER;XAVIER;H;
YOJAN;ESTEBAN;H;
YOJAN ;ALFONSO;H;
YOLAINE;MARGARITA;M;
YOLANDA;;M;
YOLEIDA;DEL CARMEN;M;
YOLIDIS;DEL CARMEN;M;
YOLIMA;ESTHER;M;
YOLJANYS;SOFIA;M;
YOLY;KATHERINE;M;
YOMAIRA;NULL;M;
YON;ALEXANDER;H;
YONATAN;URIEL;H;
YONATHAN;ANDRES;H;
YONDI;ESLEYDER;H;
YONI;FRANCISCO;H;
YONNY;JOSE;H;
YORDAN;ALBEIRO;H;
YORDANO;;H;
YORDY;STIK;H;
YORELY;;M;
YORFAN;ANDREY;H;
YORGUIN;EDUARDO;H;
YORGY;ANDRES;H;
YORK;WILLY;H;
YORLADY;;M;
YORLIS;BRIYIT;M;
YORMAN;;H;
YORWIN;FABIAN ;H;
YORYANI;ESTHER;M;
YOSCAR;YESID;H;
YOSEB;WILLIAN;H;
YOSED;HUMBERTO;H;
YOSELINE;BEATRIZ;M;
YOSEN;ESTEBAN;H;
YOSHYMAR;;H;
YOSI;ESTEBAN;H;
YOSIANA;;M;
YOSIMAR;;H;
YOSMARY;TATIANA;M;
YOVANNY;ENRIQUE;H;
YOVANY;ENRIQUE;H;
YOVANYS;RAFAEL;H;
YOYCER;ANTONIO;H;
YUBELY;;M;
YUBER;ENRIQUE;H;
YUBERLEY;;M;
YUBERLY;;M;
YUDERLIS;;M;
YUDERLY;XIOMARA;M;
YUDI;ROCIO;M;
YUDIS;EMILSE;M;
YUDITH;ELIZABETH;M;
YUDY;MILENA;M;
YUDYS;MARIA;M;
YUHER;MAURICIO;H;
YULEIDIS;;M;
YULEIDY;;M;
YULEIDYS;;M;
YULEINE;LISETT;M;
YULEISI;;M;
YULEIVIS;ESTHER;M;
YULEYMIS;MILENA;M;
YULEYSI;MARBEL;M;
YULI;JANETH;M;
YULIA;KARINA;M;
YULIANA;;M;
YULIANIS;;M;
YULIANY;;M;
YULIBETH;;M;
YULIENTH;VANESA;M;
YULIET;TATIANA;M;
YULIETH;PAOLA;M;
YULIETH ;PATRICIA;M;
YULIMA;GREGORIA;H;
YULIS;CAROLINA;M;
YULISA;;M;
YULISSA;;M;
YULITZA;;M;
YULIZA;MAYERLY;M;
YULL;BREINER;H;
YULLY;MARCELA;M;
YULY;ANDREA;M;
YULYANA;;M;
YUMEIDIS;;M;
YUNEIDER;STIVEN;H;
YUNIS;MARGOT;H;
YURAINIS;;M;
YURANI;ANDREA;M;
YURANIS;PAOLA;M;
YURANY;ALEXANDRA;M;
YURDLEY;MILENA;M;
YURI;LORENA;M;
YURIETH;PAOLA;M;
YURILEIDYS;MARGARITA;M;
YURIS;CAROLA;M;
YURITHZA;ISABEL;M;
YURLAYSY;ANDREINA;M;
YURLEIDIS;YANETH;M;
YURLEIDY;;M;
YURLEIS;JOHANA;M;
YURLEY;;M;
YURLY;MAURICETTE;M;
YURY;ANDREA;M;
YURYMEIS;;M;
YURYS;ANDREA;M;
YUSBEIDY;GERALDYN;M;
YUSLAIDIS;;M;
YUSLEIDIS;ESTHER;M;
YUSTIS;;H;
ZAID;ENRIQUE;H;
ZAIDA;YANETH;M;
ZAIRA;JULIETH;M;
ZARA;FARLEY;M;
ZARITH;DANIELA;M;
ZASKIA;MILET;M;
ZAYRA;MILENA;M;
ZENITH;MARIA;M;
ZHARICK;SAMANTHA;M;
ZOBEIDA;MARIA;M;
ZOEL;MARTIN;H;
ZOILA;GRACIELA;M;
ZORAIDA;MELISA;M;
ZORAYDA;JAZMIN;M;
ZUDY;ZAGIDA;M;
ZULAY;VANESSA;M;
ZULEIMA;;M;
ZULEMA;;H;
ZULEYDIS;;M;
ZULEYIS;;M;
ZULEYMA;PAOLA;M;
ZULIMA;DEL CARMEN;M;
ZULLY;VANESSA;M;
ZULMA;CONSTANZA;M;
ZULY;TATIANA;M;
ZUNILDA;ISABEL;M;
;;N;IGUAAAAAAAAL
CLEOPATRA;MARIA;M;
CARMELINA;SOFIA;M;
YIVIS;MARELIS;M;
NOHRA;PATRICIA;M;
ROSMIRA;ROSARIO;M;
SUGEYS;DEL CARMEN;M;
IRINA;SOFIA;M;
EDIRLEY;;M;
LILA;ESTHER;M;
EDILTRUDIS;;M;
SIRSA;Z.;M;
KELYS;LUZ;M;
EDULO;MANUEL;H;
ELINA;FRANCISCA;M;
WISTON;;H;
BAUTISTA;DE JESUS;H;
DE COLOMBIA;S.A.;N;
FERNAIS;ENRIQUE;H;
PRIMITIVA;JOSEFINA;M;
AURELINA;;M;
LILY;MIRIAM;M;
SAMIRNA;CLARENA;M;
ARLENA;PATRICIA;M;
DOMINGA;ANTONIA;M;
ASBEL;JOSE;H;
MARYAM;PAOLA;M;
HELCY;;M;
REBECA;;M;
JUSTINIANO;;H;
DEL RIO;LEBRIJA;N;
Y;LUBRICANTES DICOL LTDA.;N;
OLIVERIO;;H;
DE BARRANCABERMEJA;S.A.;N;
INTERNACIONAL;GROUP S.A.S.;N;
BIENES;RAICES SAS;N;
LUZDARIS;;M;
ROSINA;AIDA;M;
VIZCAYA;"ARGENTARIA COLOMBIA S.A. ""BBVA COLOMBIA""";N;
OLIVO;;H;
BARRANCABERMEJA;S.A.;N;
MINISTERIO;DE DEFENSA NACIONAL - ARMADA NACIONAL;N;
S.A.S;;N;
VELAZQUES;S.EN C.S.;N;
COMPANY;;N;
SERVICES;& SUPPLIES S.A.S;N;
S.A.;;N;
E;HIJOS Y CIA S.C.A.;N;
S.A.,;;N;
ACEITES;DE PESCADO DE MAR S.A.;N;
&;SERVICE S.A.EN LIQUIDACION JUDICIAL;N;
